"cod_master","jan_prod","fev_prod","mar_prod","abr_prod","mai_prod","jun_prod","jul_prod"
"10809",31754.51,10356.51,7460.31,8550.03,,2154.87,14129.96
"11384",54242.81,21147.23,61504.81,61873.28,26917.96,31591.61,54698.90
"12275",,,,,,1338.51,7769.27
"10380",109723.17,91226.84,55888.72,71839.60,67195.13,47984.36,75823.44
"11127",165641.18,89737.13,162388.99,142300.09,129580.81,110376.53,135643.58
"12042",,7365.04,30948.73,31145.37,18660.15,21115.97,26632.96
"12316",,,,,,13343.28,17746.72
"0328.01",24519.44,22864.08,26347.44,13301.34,9927.51,19255.27,12112.35
"7349",736.94,,533.40,195.80,1943.22,1968.04,3327.23
"8070",221447.28,187138.81,246645.55,147646.02,108863.85,118140.86,119720.38
"7335",37446.63,14266.84,38000.95,14627.22,11353.99,5237.73,7951.03
"7778",9786.84,4771.44,14803.54,8948.71,4147.16,8947.43,9146.84
"8027",8344.59,5962.33,25982.85,16823.78,21746.80,11575.18,7819.49
"8102",4328.60,3803.30,8118.48,720.84,4138.08,8082.52,
"8173",11076.01,12176.71,9186.86,22062.80,16119.56,16906.47,18916.14
"12465",,,,,,,1295.78
"8422",8235.08,13562.22,18647.63,86242.81,31228.52,17354.09,39082.82
"7070",,,434.44,216.65,,,
"0530",36862.96,13253.00,43658.05,28676.72,23200.72,23796.55,33606.45
"10133",4385.39,519.76,2043.48,645.40,4188.15,3293.17,985.53
"10776",39539.13,48464.33,28499.11,36464.45,38063.00,18084.04,17875.95
"11217",,,,,,,247526.11
"10106",103618.29,129557.33,87579.81,139304.42,86631.47,48486.28,122628.62
"10002",82770.98,47257.86,100793.06,62689.51,64519.30,58015.44,70425.05
"11449",13888.82,6248.62,17584.12,15635.51,7607.87,27635.09,12662.22
"11299",142242.21,70653.67,89829.58,85256.66,92836.40,67127.20,104259.23
"7708",6185.44,2313.18,7395.06,2288.90,10240.50,4287.18,2532.61
"0120",2205.28,935.29,,,904.76,,753.73
"12307",,,,,,105.37,2709.89
"10171",58109.48,24266.38,34087.10,24512.44,14017.44,24454.63,26733.00
"11987",,,362.39,,,,
"10656",2846.38,1328.46,1329.83,497.08,2322.93,3431.25,2299.88
"11462",41665.39,47130.34,33605.31,20388.59,13354.46,10922.58,11876.73
"12122",,,798.91,,,,
"12318",,,,,,138047.08,134211.49
"10848",423.86,1693.97,3348.35,1205.57,2012.06,1486.87,395.01
"11959",12932.37,19774.16,52029.68,23511.71,33365.27,38122.60,42867.15
"7883",12148.42,1135.83,6665.16,5738.16,2552.55,3678.29,2465.48
"7574",8291.46,15494.26,9777.04,26919.70,39117.33,8899.83,20608.72
"10866",,42894.02,9017.50,7457.31,13256.25,5872.56,8300.17
"7088",,162.30,,388.41,3509.62,,2412.52
"11856",,,,,,3218.11,
"10429",46962.52,27953.48,32883.48,35493.98,21306.35,42848.15,29290.24
"10104",63465.31,26908.62,43596.97,41291.53,26187.03,28509.98,51063.21
"12207",,,,,1487.88,29360.00,47764.09
"12067",,535.27,7285.40,3039.35,4159.73,14898.29,2387.54
"10973",6286.58,7287.35,5203.06,6011.63,11450.11,5254.01,5565.53
"11877",7914.22,5338.28,19447.44,5644.66,6936.20,6375.80,8813.26
"10813",5539.09,1088.74,7779.45,1964.50,4698.19,776.69,4675.13
"7433",10182.86,1849.88,,2873.37,2628.15,4224.35,
"12109",,,5187.78,20313.54,8678.48,9868.09,16669.09
"8298",6466.82,11511.80,4788.02,5754.39,2126.64,3017.15,3094.73
"10156",35734.50,23177.72,27120.73,22777.27,19508.22,18447.07,17847.02
"11008",4410.62,13680.19,2986.81,547.72,741.54,794.37,1368.88
"12408",,,,,,,1461.98
"11275",48288.18,24385.04,50561.89,31143.87,26846.09,14517.18,20973.28
"10985",269134.53,130038.55,239703.78,161725.61,166400.33,149403.56,209478.23
"7203",10252.40,1540.44,4376.36,943.78,388.54,312.14,1684.98
"10407",13931.36,3424.77,12829.21,18467.26,24007.53,10428.10,10021.25
"11817",460579.91,387454.56,653038.34,473232.30,491108.40,388707.15,587643.66
"0731",11112.43,2996.61,4353.91,1107.01,8232.59,3736.61,7974.02
"0496",4496.35,557.59,4414.96,,,,157.64
"12213",,,,469.65,,,1192.66
"12270",,,,,5191.19,2112.58,5039.83
"0925",10931.61,9293.32,11301.95,7633.33,9549.77,7663.97,8885.83
"11282",63720.93,57992.14,67679.85,56545.03,44294.12,40878.31,48378.08
"10051",2512.41,9126.03,8701.84,3985.76,7308.57,14268.04,10488.66
"12014",,44978.17,27897.71,31764.18,38412.22,17647.57,30736.15
"11056",3718.18,1767.59,1329.06,541.97,7696.54,532.84,275.60
"7213",854.55,4790.28,278.16,301.07,2211.14,,3059.08
"12392",,,,,,,11683.81
"10821",49909.40,22180.77,63470.39,52463.06,46011.43,47932.65,63002.77
"7788",30245.44,14694.29,19397.85,14231.31,10931.93,17096.95,10113.64
"7797",59494.24,32557.00,50092.95,31878.40,40671.12,37001.73,35177.73
"7723",35371.39,21714.71,39237.62,26573.05,6446.14,5158.51,5761.08
"8341",924.90,453.98,7562.66,1544.59,2162.34,229.04,609.95
"12245",,,,,16035.74,13119.53,12279.36
"11776",119450.90,91339.51,301403.87,348802.51,274252.72,301527.45,422904.98
"11330",80180.69,32537.48,50849.01,37380.79,39350.41,27901.59,57622.24
"7161",2248.36,799.02,1249.97,663.13,427.83,2255.09,1640.06
"11010",35245.31,16632.79,30902.49,21694.68,16741.27,24916.30,16007.06
"10179",,,163.15,5116.29,669.64,,773.86
"12331",,,,,,8317.64,15137.58
"7568",982.99,810.76,9640.11,822.84,740.91,645.94,2099.54
"11700",26823.82,8570.90,17530.93,3401.59,13398.88,3823.58,7239.74
"10968",28389.33,9729.11,6176.52,1937.68,10039.20,5419.23,2398.03
"8373",10340.29,5335.71,1560.02,1713.20,2695.02,13097.89,6127.26
"7016",40234.32,20614.46,42634.14,30797.17,30874.12,23918.20,26010.20
"7711",,,10749.26,6046.59,300.23,3779.41,
"7507",35627.62,17218.01,21100.08,6734.25,9605.86,5969.74,8077.72
"11058",47529.16,15485.73,49020.56,31509.41,16494.31,18272.76,19354.05
"7196",,149.29,,,,,
"0805",6250.81,6903.63,18079.74,14099.76,6020.41,5847.29,6737.05
"0978",,,,,,3143.44,509.21
"11677",,,341.41,,,,
"7762",14949.28,26428.25,30717.74,12224.39,11722.81,20781.97,58705.17
"11315",110.91,81.90,,207.85,113.73,4969.82,6182.51
"0589",10599.62,8908.18,8908.60,2999.98,5053.76,10481.77,7059.24
"12083",,,1731.63,,,,
"12237",,,,,16313.21,4736.42,7886.68
"11159",199880.84,80297.15,73642.50,27458.25,17340.07,25654.79,40781.31
"8198",33949.64,32211.42,23944.02,26975.18,29518.33,14915.12,27993.78
"8273",8564.21,77.20,291.40,,,,446.13
"12062",,,1855.82,3424.02,,,
"12183",,,,14313.98,3342.49,149.78,102.17
"10175",261.43,76.46,,160.46,,93.00,262.02
"11965",,312.95,877.37,690.24,242.11,87.28,313.54
"12099",,,,159.34,,,
"8101",1115233.72,507417.09,719763.63,689560.00,621694.49,645701.45,1112176.96
"8033",14693.46,8655.34,23950.16,12557.70,14734.82,984.49,6998.87
"7570",,223.08,1043.15,198.92,3838.22,793.64,96.14
"11251",20214.59,1997.33,,317.21,3515.31,2370.09,8658.99
"7717",8429.46,7515.52,8313.90,2665.89,2916.61,2515.70,3724.62
"10219",697568.30,464262.17,624930.78,846429.65,1056276.99,1013509.05,1140016.95
"11422",65802.93,20961.54,48355.56,45248.07,29195.13,63377.17,33303.58
"7656",6832.93,2856.32,4687.42,2620.88,7107.08,3964.32,4880.78
"0794",2647.30,,4379.84,239.49,98.25,,
"11176",51860.67,34252.13,60475.74,36653.90,46325.58,27466.32,26746.32
"10568",82946.67,70706.41,5586.98,,,,
"12128",,,4545.25,389.71,638.88,5722.92,13011.71
"8034",35741.42,16962.56,62634.99,22903.87,19228.49,12742.63,21638.85
"0522",757.79,459.02,590.84,490.17,1069.94,496.91,779.96
"10843",12454.80,15028.25,24874.03,33330.81,23336.23,39074.48,61795.72
"0983",1663.77,2061.25,378.73,764.16,1474.77,112.27,
"1010",400.27,,7816.15,2993.31,3864.55,9909.08,10505.92
"11863",24586.08,6787.48,17059.85,5366.02,5292.06,5983.17,13987.37
"7059",6408.88,2155.04,7865.38,2566.49,5534.30,3513.38,6865.04
"0380",3538.20,542.12,10006.51,2086.94,437.42,,1847.19
"11637",688.66,,2599.98,3373.74,3322.12,,
"10822",668.78,556.51,25259.09,325.70,763.35,269.59,844.40
"11343",24222.68,4390.61,12552.45,15770.53,667.21,2186.00,467.86
"12153",,,7354.96,29706.96,26524.17,17986.34,24464.53
"11751",3248.30,345.99,,1548.10,5880.90,,
"8220",,,,,331.66,238.57,
"8096",9520.27,1067.17,3506.25,1210.38,1916.02,,1735.63
"10636",75118.46,42201.27,81995.59,38624.12,48217.86,47106.67,66241.23
"7821",531.84,163.91,1300.51,,,585.65,
"10730",1425.91,261.98,5231.43,6627.49,14930.94,5074.75,7415.62
"8243",16024.94,1173.68,6352.97,1354.13,411.27,10447.69,11539.11
"10986",98291.76,82716.30,110776.52,61210.99,51020.17,39101.94,72332.95
"10235",76419.67,36564.43,34869.17,33003.64,21299.21,6967.03,5906.59
"12060",,3935.14,25956.91,30886.03,1010.91,10186.43,855.33
"12298",,,,,,7621.16,4991.89
"11632",29714.90,11349.20,36183.48,5394.52,15982.72,4843.14,4130.56
"7621",28079.60,17392.77,22383.01,20544.49,12387.93,8806.51,16877.28
"11023",2822.45,1953.83,5014.45,1624.67,804.95,3420.16,2684.40
"11093",22987.61,25540.01,46213.01,51658.32,92228.77,58331.98,78494.69
"11374",4789.68,2962.57,1911.92,2900.09,335.18,2058.25,2743.46
"12039",,,9554.67,,,,
"7004",,1543.41,1081.25,1538.03,3632.17,8782.20,5952.35
"0443",,,,,,,
"8026",19773.07,8354.05,28134.73,23462.51,34254.66,23292.57,41444.68
"11749",53786.88,26611.33,48445.88,47567.18,34059.49,28095.35,32442.47
"11938",768.21,2561.79,4095.59,3132.12,2981.93,1517.05,3311.15
"11019",13664.97,11111.61,10414.58,8944.68,5937.60,6466.05,44387.85
"7864",2730.77,13003.52,19664.69,4405.70,21993.35,1972.30,1838.65
"10970",3843.12,4713.66,8187.00,4431.10,8391.57,1856.19,5447.59
"10755",104785.17,43885.40,53229.28,55697.49,37968.90,37700.06,57541.24
"11955",91.57,2344.60,7239.91,7829.97,8109.71,9719.99,11620.11
"10774",3000.29,457.99,907.98,2061.24,1800.24,454.54,288.23
"7319",11741.16,20745.45,21001.30,30457.68,29474.76,15780.26,16658.56
"11623",79077.33,44983.31,60585.20,50335.52,40834.46,38086.19,62372.38
"11136",701.65,1127.90,353.71,2133.62,651.30,490.74,502.47
"7766",,638.77,800.71,2721.54,6860.47,180.11,
"7885",1817.16,,783.72,1550.98,318.71,484.06,123.27
"12391",,,,,,,156839.41
"11708",126612.00,64179.72,122967.27,68467.58,53220.10,82665.78,71114.89
"11072",46011.90,64252.01,46299.87,34983.35,7299.48,140.42,1483.20
"11452",1702.31,5891.62,2701.13,557.63,2754.83,288.97,845.67
"7517",10103.76,6600.85,9216.64,2002.59,1436.34,3322.06,257.63
"11737",,65.76,5594.92,10398.20,7485.79,102.31,3400.81
"11735",,5876.44,49433.96,29980.91,48458.07,34707.46,65982.15
"11053",7528.96,2768.47,435.48,394.74,2562.62,,
"11182",60397.95,39838.57,82158.01,47011.77,47091.58,47792.02,58776.60
"12381",,,,,,,370.92
"11255",244918.16,142929.38,228903.32,224700.66,151340.83,130582.10,135375.43
"7308",95509.48,68467.05,126184.78,100280.32,78101.49,80231.33,125376.58
"10958",9553.43,9147.76,19578.22,2598.07,18673.64,15784.80,17514.93
"0924",17015.15,3047.68,11682.40,8813.90,9557.61,7233.99,17678.13
"7436",530.16,218.72,1079.40,738.95,616.65,1149.30,11174.76
"11101",4247.54,5422.50,3106.53,2207.33,1297.45,869.02,2620.81
"7704",57943.68,36512.95,75068.71,46991.23,32249.82,39111.79,22373.53
"0760",1660.15,8051.46,977.97,942.87,153.48,205.39,5448.59
"7597",,,19393.11,28692.53,231497.56,196683.11,53197.24
"10881",,146.77,,,,,
"11434",14666.99,9726.32,14840.22,5978.80,4648.06,5194.47,8379.04
"10442",559431.24,358258.78,653477.69,327092.33,248665.41,203692.10,288218.49
"10816",24101.48,5121.01,16329.98,11360.18,7304.54,5377.16,10446.40
"11390",14153.06,11016.12,18487.20,18172.63,32796.74,9583.96,14190.67
"12133",,,388.24,,,,
"10758",26216.90,7386.25,15624.72,4675.06,7606.64,3780.01,12557.14
"11360",72935.45,40313.54,55042.08,27726.03,31622.70,34726.85,51789.23
"11025",1274.57,808.02,8483.39,627.87,1482.73,5996.97,433.08
"12312",,,,,,25247.14,56220.29
"1039",275.95,3507.08,656.70,95.29,306.31,536.81,253.71
"7575",1341466.44,828713.97,1318619.89,741721.56,617132.94,697494.56,936082.98
"10625",,,883.49,4434.99,259.98,146.82,1846.77
"11095",80619.95,34158.85,92719.05,53968.83,38666.37,36901.27,44137.24
"12093",,,,3352.01,38290.34,9353.64,4546.62
"12195",,,,1073.23,584.50,6204.59,21244.03
"7594",,,401.12,,1129.56,,
"12061",,,10204.72,5012.76,993.94,306.63,1545.62
"11545",3683.10,4877.40,5531.97,,,,
"7327",5927.61,4873.06,5845.12,6205.51,8507.92,3568.02,2470.09
"12240",,,,,1391.85,680.75,433.56
"11890",4143.16,,,,523.38,205.44,1394.81
"10301",30090.45,12301.37,25163.15,15536.14,12169.95,12502.87,22172.20
"10497",160.85,404.41,390.16,709.93,1054.90,597.72,411.35
"10158",442575.49,252132.06,521755.29,379563.92,373859.05,395147.10,449958.80
"11187",992.00,208.90,2785.59,792.90,1346.23,311.33,4112.98
"10282",22820.67,15434.66,20508.13,15586.94,23651.76,23692.62,19710.79
"8000",,,,,606.11,2946.57,1648.17
"10296",3122.08,2060.95,9030.88,194.49,588.89,161.61,8829.29
"10784",12741.58,11146.67,16628.28,15463.26,8147.81,11430.16,10265.62
"7628",5841.63,1510.74,11751.37,475.42,1645.64,1142.65,471.26
"12315",,,,,,40651.50,72955.57
"7000",43525.30,42835.07,80907.95,43935.45,39417.66,51483.58,34696.58
"10264",6130.82,1171.23,4959.97,3511.62,4966.41,4836.37,9719.39
"12174",,,4531.99,25142.71,25514.42,24061.86,63196.98
"7348",19074.55,3431.88,12954.29,3364.12,3205.32,215.25,327.48
"11030",6241.64,5715.91,7307.87,2460.43,6382.73,3670.19,5229.36
"0448",55687.44,40370.11,85965.00,39069.09,87936.18,55331.05,53964.88
"11932",,25138.72,57107.64,32348.75,40322.72,22233.17,21978.95
"10200",627.74,1169.47,2353.34,1142.22,2215.61,3086.98,1844.06
"7839",403071.11,231642.58,332824.45,235198.41,215270.13,267652.87,328832.93
"0984",781.86,269.09,76.34,166.33,63.13,85.33,1131.95
"7749",10851.61,3614.94,10964.62,5412.13,12074.46,2877.79,5292.32
"0119",1824.26,866.80,1486.32,1288.27,579.81,544.61,271.16
"12022",,3568.56,2562.14,1362.05,4612.20,4750.47,5384.69
"7112",,,493.23,,,,2510.59
"10000",,,,,,,1562.25
"12313",,,,,,2142.92,29106.45
"10991",9316.69,1838.13,11383.42,13434.27,7270.73,10327.96,7192.72
"11626",1410.18,824.64,,,469.10,552.83,
"0434",1001.06,162.42,859.21,1731.61,2449.71,1381.07,901.73
"11273",133536.34,38757.81,37145.79,77767.20,48615.58,18411.59,33293.58
"11276",5509.22,1381.00,6373.00,3102.18,6549.80,5371.11,4636.05
"10676",177031.19,36748.47,56888.72,51900.02,106300.51,123465.75,123037.97
"7998",3258.43,1823.78,,914.34,,,27233.76
"12407",,,,,,,3022.60
"11106",7094.08,6189.24,2795.12,510.75,568.53,2018.12,1435.60
"11418",951.00,1677.05,590.04,1049.25,2968.62,1393.86,2687.18
"11396",229.05,556.35,776.82,614.32,399.55,358.72,424.87
"11694",25757.89,11728.18,28741.27,7647.37,10776.77,7739.35,19573.26
"10699",32745.86,12426.32,21857.08,15433.85,11766.64,18229.09,17040.41
"7967",24578.34,8886.56,16998.92,16295.86,13838.38,10594.86,9434.14
"12112",,,6377.72,3716.49,1868.24,18808.88,894.64
"0258",86829.66,64690.15,63313.94,46389.82,43226.58,62162.10,59380.44
"11533",7905.98,2618.43,16546.36,11599.32,19419.77,14593.13,26349.12
"10530",80747.60,50361.75,76556.56,71630.18,33496.60,36865.85,37604.55
"7449",13974.10,17774.35,6101.65,8847.56,5774.33,4411.37,17619.51
"1014",20182.25,11780.78,21184.62,19602.41,9461.32,10561.03,10410.73
"11457",15492.78,16985.31,23500.28,28931.05,14808.83,14543.55,22341.53
"11092",11743.63,2662.41,16507.58,1897.09,573.18,2280.82,934.58
"8024",46901.38,25694.65,86481.18,28257.57,32357.44,34825.82,42656.91
"7831",3560.01,1343.34,4522.62,2298.79,4643.76,2629.03,1623.59
"7914",18482.43,21722.77,24238.19,21661.00,12004.36,11700.46,6821.91
"7280",,,15781.11,1548.44,,8600.32,1342.29
"11377",,14014.78,7573.72,4961.00,4966.20,7258.44,3291.80
"12436",,,,,,,8591.77
"11425",84535.90,26259.64,103495.59,91412.45,84739.92,67684.03,67812.46
"11349",64519.38,40997.38,42993.13,19677.99,19495.52,11679.87,16190.36
"8015",130962.80,72770.63,150862.83,105460.44,100533.94,63853.24,59079.01
"11230",66228.78,37200.53,55562.93,39095.50,37382.12,50855.43,39319.83
"12069",,9810.11,53704.06,38774.83,34808.58,28876.89,42434.02
"10565",134.80,,,,3951.32,892.47,17000.28
"12255",,,,,474.40,,320.35
"11928",15786.51,,724.20,,13520.94,18499.02,17899.75
"11369",632212.73,352169.50,637561.77,382224.12,317438.68,345466.42,373016.54
"8113",57220.28,31603.45,114143.79,82371.78,53784.77,43033.67,105465.30
"11277",16901.99,8461.89,12621.76,8097.64,4359.41,1352.10,3546.18
"8312",36818.39,21496.73,28339.75,27034.60,15471.60,22768.48,25270.16
"12145",,,841.92,2446.59,16785.29,17533.78,21214.07
"7262",65733.43,30586.30,53542.95,40596.02,29009.21,31552.01,43214.14
"10566",6871.59,4713.10,1124.79,1879.37,4136.65,855.80,1291.07
"10807",68468.27,38571.90,76308.99,51685.35,59021.14,30303.22,71588.02
"10494",25915.45,12993.65,40116.43,19130.95,11390.32,9080.21,26055.99
"7827",94631.72,62344.68,67220.99,47356.53,57445.26,63948.79,92428.82
"0876",2158.91,1948.59,4122.98,5603.49,10568.12,12790.07,5953.07
"12090",,,9478.90,4847.14,3169.66,3975.43,3277.91
"8202",29354.41,21291.74,26729.52,31346.99,19419.76,27566.88,29745.38
"7025",103005.53,57622.74,98190.11,66553.46,78374.24,79644.31,42314.10
"12348",,,,,,1326.54,4228.79
"12007",,,9336.97,322.73,3264.36,10817.89,8455.74
"11896",1878.73,1140.06,292.85,,,,
"7309",20453.31,13124.64,54934.28,59728.40,34061.52,56501.23,52424.40
"7148",,,,282.19,,,
"12081",,,4915.59,,,,5638.91
"7674",1979.74,,,,,,
"10272",19682.43,5617.22,4304.42,4783.18,2404.64,6081.97,17463.13
"0606",66674.43,43237.16,69527.73,46866.08,57016.75,24726.62,36986.69
"7929",65707.60,47405.19,94906.79,43087.29,34190.33,15136.68,16856.17
"7032",530414.11,290332.14,457323.40,278095.54,262473.78,219001.91,389180.06
"7061",3844.54,2365.12,1920.84,,,,
"12371",,,,,,5984.91,33573.85
"10820",13993.35,1520.36,19406.93,5846.59,8498.42,11410.01,1421.60
"7130",21163.96,12353.45,15846.57,13667.42,9018.72,6227.07,12743.84
"10786",10418.05,12208.08,10484.85,21580.65,4073.21,15536.63,9192.76
"12103",,,,2383.96,3016.44,4065.14,27144.26
"8124",17553.16,5954.28,17784.03,7341.93,11863.69,6071.46,10539.01
"10293",27078.11,5448.31,7190.12,2058.51,8263.31,6628.03,10076.94
"0653",503875.95,357964.86,447355.41,422424.01,374298.73,259828.67,502951.84
"1056",,391.12,,,,,
"12144",,,376.60,731.93,,,
"12437",,,,,,,16275.79
"11740",38071.01,15032.27,31346.29,21001.08,16724.23,25824.57,45511.79
"10005",8177.40,1158.83,1568.68,1135.44,1115.84,534.44,835.35
"10836",35856.08,10254.87,7035.81,2153.23,7846.19,10480.69,8753.32
"11020",10705.50,2463.80,7582.59,2106.35,5557.56,2894.61,1989.42
"1057",55378.86,33439.44,42933.50,16702.96,90616.14,20330.23,28790.69
"12171",,,,1176.42,1065.39,321.44,1023.10
"7111",214215.16,151399.99,225830.40,127655.13,144570.54,162599.41,172336.64
"0452",6253.78,1325.00,2696.12,4700.92,1711.45,888.62,2917.09
"11295",7756.47,1579.78,7232.13,781.48,2724.88,3557.63,1960.75
"0396",940.28,,,,,2240.06,2441.38
"8040",10071.07,3924.91,4769.31,6752.92,2296.32,7838.88,16463.96
"8247",256.96,619.80,385.46,103.02,358.63,210.34,510.37
"10448",76873.68,45219.46,81940.50,58029.95,75210.74,53199.39,52063.45
"10341",4737.02,1139.29,2590.58,2651.50,9804.03,7522.25,2483.34
"12341",,,,,,,3050.15
"12142",,,2066.69,15764.91,10622.32,10763.35,16698.49
"8255",434.21,1387.49,4016.65,1850.10,298.76,724.52,2460.30
"10939",12503.85,9778.26,28045.16,7174.54,12222.93,6821.71,10757.63
"8177",1328.45,299.18,1814.70,430.12,1283.86,355.45,970.16
"11395",43501.48,,,1134.05,14073.18,,4251.43
"8271",21310.22,15291.38,38689.80,19541.05,20748.66,19310.16,14019.53
"10979",239322.69,156626.12,122916.00,68042.40,14715.18,24027.10,27086.04
"12276",,,,,981.72,7766.15,27209.36
"7310",49488.84,29830.33,63327.84,58415.29,69420.95,49244.18,63551.68
"8076",266319.82,172116.45,317282.63,223357.89,209297.90,194260.01,258019.87
"11368",206.08,,,221.34,96.45,,1784.37
"10304",7123.31,1398.24,5534.26,87.03,1010.66,1183.47,1313.24
"11024",6179.52,16227.78,14310.78,9488.45,1975.11,237.73,709.05
"7596",2659.06,6626.81,8000.00,2468.70,5260.49,642.67,1171.49
"11742",29546.03,24022.02,28060.47,14607.50,33529.97,15356.24,22632.15
"11831",572.68,1483.12,507.70,841.30,1668.87,503.73,780.72
"11085",3207.95,1142.78,2077.54,,,,
"10839",5589.34,5120.75,7632.94,1343.57,91.52,147.03,7948.59
"7933",,,,,,,375.15
"11257",10004.01,8448.10,11835.86,6825.77,6568.60,7357.53,5888.25
"12224",,,,282.58,1362.21,4832.08,1897.16
"8114",9248.18,4217.48,15590.95,5947.79,6385.61,10541.48,12648.67
"7413",26527.19,8893.42,15717.75,16648.99,9870.18,6970.30,26769.72
"7367",64419.44,41087.49,81483.04,23886.59,10472.94,6984.36,8842.85
"7767",36915.99,12170.07,33086.70,29636.19,29381.20,17951.76,12000.81
"7543",5284.81,2452.85,5792.88,18167.76,2380.66,1915.36,1541.54
"10332",326658.60,199813.77,273952.03,197986.12,178466.84,127216.82,129496.56
"7858",1801.62,4937.49,4014.06,585.79,2342.05,8990.58,1799.29
"12156",,,770.39,230.90,428.89,1086.81,2339.26
"11946",2122.44,264.83,554.06,228.44,241.64,,
"12124",,,25807.30,17705.13,22694.90,18843.62,12012.54
"0988",159.65,2188.88,11169.70,1594.00,3995.14,1329.71,4785.02
"11979",8947.08,10012.90,3671.33,734.22,1298.58,703.29,140.63
"0308",,633.89,856.30,538.47,,,3671.85
"10855",17375.25,16288.88,17000.58,10518.41,11914.50,15255.95,11688.30
"0248",64229.48,560.42,22773.26,10585.72,13979.43,17802.81,19467.41
"8311",5303.87,1067.53,,393.44,6150.69,205.49,203.23
"10553",20105.22,2091.88,4117.92,24639.05,21666.29,4273.06,1605.35
"7459",1264.56,187.89,,,,,
"7716",1569.20,1173.89,9289.53,939.82,1311.11,9241.66,3856.57
"10114",3622.17,6368.19,2513.41,11839.32,1864.51,3136.36,4877.99
"12273",,,,,194.11,246.33,
"7277",758.30,297.14,,,,,1093.81
"11034",212.58,,,,,,
"11192",44852.70,25020.99,40690.11,30861.42,24966.79,18886.35,36365.65
"10966",4036.09,1898.92,7082.89,4620.97,950.20,868.58,706.26
"12221",,,,,144.34,1701.30,5165.53
"8045",873252.53,421449.27,700491.13,507632.73,487363.88,439426.91,754867.16
"12050",,22650.19,74598.46,60819.44,44360.69,44182.72,75706.63
"11216",4852.91,1380.66,6465.67,3106.28,803.47,236.34,
"7956",577205.29,307943.99,423512.02,275908.31,217072.07,182271.33,204579.29
"11354",6211.57,347.18,4122.49,99.95,24056.97,4314.90,8142.93
"11536",,,201.61,,82.34,88.95,100.52
"10657",12288.41,8711.57,17875.58,10761.73,4891.36,10445.69,10171.51
"7724",17629.62,,,,,,
"10735",7995.20,1778.72,19141.58,2092.10,4080.78,3811.42,1026.76
"12077",,256.79,1350.56,827.72,,238.94,
"10539",32433.87,8927.91,8942.57,8561.18,12445.58,7777.20,7335.66
"12297",,,,,,6977.15,4432.55
"11341",470804.82,286140.82,396832.10,365841.78,295045.86,240972.19,407154.19
"10724",46514.42,16799.45,24671.75,19084.18,16697.41,15570.31,17783.14
"7521",4865.45,1569.50,4561.38,2308.20,2391.73,2770.37,8389.81
"10416",,,941.44,,,,
"11818",77125.80,25521.67,46531.12,24880.18,16851.24,9390.14,8037.42
"7636",8929.95,2929.65,5544.10,5573.25,5469.47,7751.00,6350.99
"11566",15022.40,10011.63,14005.95,6335.00,6513.14,8632.17,23480.86
"11400",,,6492.69,,,,
"11807",64600.71,32945.47,80303.76,28302.53,38425.78,22177.85,49491.78
"12328",,,,,,,9053.91
"8039",523.16,1980.90,3392.23,310.82,151.45,1756.83,1123.37
"11312",187564.58,59033.07,167670.75,86432.65,61135.93,42040.98,65240.76
"12049",,14320.29,60035.49,26083.91,25370.65,13108.68,29942.73
"12292",,,,,181.88,15983.51,15863.54
"12212",,,,431.33,939.48,654.90,129.01
"12182",,,,21930.95,23746.94,18733.25,16938.71
"10029",25160.61,7429.33,3117.22,11966.63,4658.00,1051.04,616.31
"10110",131499.32,57833.95,55514.85,33555.02,17295.37,23385.77,55829.30
"7481",323128.52,151586.94,313461.99,222294.33,241642.67,189507.90,214555.65
"7658",,147.55,,,,,
"8343",,,313.72,9167.07,4292.56,422.83,2593.69
"7824",6318.39,811.24,3564.93,2546.52,2920.73,567.71,
"7389",4522.96,5441.37,11622.82,7723.71,13581.25,9709.28,12061.55
"12188",,,,371.39,315.02,,
"11733",35705.01,28977.75,35474.18,30916.41,50484.65,17893.22,29232.39
"7544",21936.47,19098.98,35559.68,21520.39,25159.93,26445.73,20507.81
"8136",44446.46,25250.11,40987.67,30055.19,33298.90,22832.59,27614.88
"11727",4060.08,9656.74,23711.71,22655.92,16680.86,11697.25,7850.12
"7541",221.99,1051.37,418.45,,150.95,,375.34
"10062",,809.23,1475.29,109.62,97.07,3869.41,
"12236",,,,,15366.93,14302.80,19603.21
"10694",4884.30,4194.92,7753.71,905.81,896.41,1304.74,609.86
"11866",26097.83,21692.13,20009.01,11673.79,9210.98,9348.88,19207.85
"7876",7085.22,4566.33,2889.85,1544.92,1667.33,1902.82,3918.87
"12175",,,13629.87,49545.85,34251.42,41883.59,72798.00
"7313",212854.43,138552.94,159915.07,119226.49,134925.90,108964.78,130505.79
"10793",13097.77,9115.51,14226.26,6398.44,620.71,191.45,826.73
"10538",1321.04,3714.27,3240.56,376.37,550.57,1423.24,1112.80
"7301",7623.70,394.11,868.21,,,,
"11634",37241.24,15109.23,25480.46,11577.11,33224.82,6578.44,4059.83
"0451",286.74,1253.71,,,,,8210.81
"12172",,,,9216.95,6596.62,3606.20,7450.63
"12375",,,,,,,138.15
"11745",520.69,116.43,,,,,
"7891",54.57,,1435.26,730.71,2389.68,313.50,1715.62
"11197",19763.52,10373.78,20746.58,8537.87,6833.62,12451.82,15864.19
"12458",,,,,,,959.26
"11765",363010.02,294897.80,596680.53,324805.66,354457.60,307791.98,571378.31
"0547",3743.94,910.89,1391.13,13557.69,1514.86,1229.44,910.76
"0473",6796.41,1664.85,497.90,265.10,709.97,2998.16,1213.12
"11173",39338.45,16287.61,10783.64,8374.86,14948.67,16140.92,12414.26
"12432",,,,,,,12528.87
"12246",,,,,7747.11,7599.29,9594.99
"12068",,5933.84,11095.83,3166.22,2104.64,3606.14,1820.37
"10167",685271.91,419865.48,611684.84,258846.75,226336.64,212945.14,462557.41
"10134",46712.28,8582.28,31008.39,24074.84,31694.96,29365.80,61164.32
"10738",,,,8073.81,12019.67,418.91,7672.52
"10753",278.60,530.71,1085.26,169.23,,,
"0111",5802.42,6505.91,5956.33,5668.65,3458.76,5048.10,9291.90
"12234",,,,1089.79,1462.99,467.74,571.88
"12025",,7283.36,46318.91,44551.10,40378.52,32854.29,38391.34
"11091",318069.89,200121.42,348551.70,223120.07,235004.55,233185.32,277242.99
"10723",43170.71,18353.65,29063.01,17440.29,19899.50,9957.24,22467.97
"11792",936.44,,157.29,,,,
"12126",,,,1168.59,188.39,,179.64
"0681",3628.39,741.80,14147.11,3668.29,1224.51,31806.56,5609.23
"12322",,,,,,6171.78,21186.49
"12041",,1577.82,3187.95,3157.71,4081.22,2001.01,1768.09
"11272",3983.31,4523.60,1425.13,1300.50,1868.58,2895.38,1143.21
"10492",4595.56,701.53,3644.28,2272.42,3579.45,3085.60,2900.66
"10091",3285.91,3431.00,278.88,15306.00,12948.65,7995.17,340.66
"10929",176120.24,96359.35,144314.07,122402.82,116210.40,217888.84,218796.14
"7760.02",10004.00,,4047.47,1797.83,752.39,3187.50,
"7571",1053.74,,,,,,
"11347",1053.17,797.49,2941.35,8041.62,4066.50,403.30,1795.17
"10917",48140.06,28951.36,48516.46,36680.29,47364.98,30491.96,35340.02
"10484",26613.56,20825.07,37122.32,33681.72,25436.33,20696.71,40738.75
"10834",14425.67,12204.63,25052.15,20135.00,27277.96,21393.13,32327.57
"0353",9905.33,4444.81,5029.70,4591.68,10003.18,9595.82,19990.81
"10586",15895.27,2175.45,6142.16,1922.09,2286.48,891.71,1841.25
"0562",17206.60,20563.73,11506.93,3990.10,6444.13,12773.38,9439.50
"0763",855.66,2898.66,995.10,1464.70,1357.58,570.82,1059.11
"10765",572341.38,359409.34,498850.58,204986.01,249324.59,180561.23,217421.38
"0301",,,,,,,117.71
"10713",1112.15,868.98,1358.66,1731.80,327.37,781.70,803.96
"11211",3515.91,996.75,6062.49,2349.90,2085.38,2559.57,2383.06
"11679",30926.57,18535.49,38928.14,47910.66,35215.24,20334.02,30240.27
"7663",118472.02,81209.15,131311.35,88010.83,150076.51,61908.16,113398.65
"11198",6654.87,3186.40,5556.19,5450.88,2495.89,2296.23,5222.59
"12339",,,,,,11464.65,20077.59
"11346",19042.26,13570.12,47282.01,16381.65,20202.07,13293.35,23367.40
"12405",,,,,,,489.50
"11200",4152.18,764.59,3120.46,2259.17,278.30,560.85,1821.81
"0779",4938.98,1046.39,4385.45,2183.10,1746.61,6271.90,4450.79
"10648",306638.70,160204.80,270826.80,227361.57,174085.99,176654.83,274044.29
"12323",,,,,,1697.21,11635.92
"7166",1504.23,257.64,,,,,
"7528",1210.56,679.41,527.39,1275.68,402.67,2478.63,449.77
"11808",6261.50,1494.47,,308.01,12238.77,2206.43,4923.85
"8205",843.19,4517.06,3442.31,1545.19,662.09,357.79,6290.72
"8016",249985.97,140703.71,281862.98,228305.09,257707.87,199469.36,266682.05
"12011",,,3733.32,,,142.53,
"7968",,,1466.49,7320.17,16978.98,13510.58,6185.97
"11459",855.43,1326.88,696.50,537.44,204.08,2219.02,1229.77
"10188",10642.20,4503.19,6074.64,3057.69,4114.04,6073.68,5003.59
"12016",,299.66,2870.58,7872.67,3220.79,467.07,361.71
"12421",,,,,,,837.73
"11956",,,,,7037.89,5144.13,2666.47
"11260",,,,671.59,776.05,1180.59,264.87
"12102",,,30317.49,39817.24,21922.15,15184.00,9957.19
"10942",118933.58,39831.66,117882.99,145640.44,247699.55,100272.97,285595.16
"11948",,39555.06,82598.20,92331.58,43074.97,46744.70,74187.59
"1026",5021.51,2175.97,2328.09,546.91,3775.84,916.71,3910.20
"11906",133.37,623.85,871.83,754.34,289.26,176.03,105.97
"11716",18444.94,5583.25,8754.74,19506.85,3315.71,2753.64,19568.55
"10037",881847.71,74290.87,52220.97,27374.39,24228.64,9098.63,65697.12
"0620",48650.48,51362.44,46298.17,63121.61,38280.97,44911.08,69279.67
"7692",1504.10,3393.00,398.52,1232.56,,340.97,
"11992",4540.79,34232.33,28554.81,40859.82,94932.48,151851.66,146746.00
"11864",321808.27,311121.69,1349104.01,1149595.81,1144861.33,1024626.08,1658557.49
"11985",,9542.71,8312.78,10079.83,3662.75,10595.94,3717.67
"7813",1171.01,5341.09,2291.36,9340.65,5508.41,5680.96,3060.45
"7387",9223.79,378.10,4632.60,2056.43,700.30,3907.90,560.91
"11328",404.73,242.13,,,,158.65,
"7718",2794144.59,2597573.12,4593201.39,4386104.83,4548209.74,3441919.91,6912474.04
"11322",65260.30,34440.98,52326.88,47923.28,43922.89,20625.47,60275.55
"10396",22656.17,2887.29,4684.82,2592.00,5524.83,7146.39,22756.76
"11193",7503.26,2536.76,17271.04,10034.73,4558.63,4144.40,8317.47
"11047",,296.14,808.36,,230.23,198.49,412.55
"12020",,109.78,,,,,
"11113",6528.58,1626.99,7709.26,10669.54,9827.00,94.46,853.63
"12403",,,,,,,17344.73
"10803",69988.31,56964.47,84443.38,93369.25,79421.69,71321.81,83871.06
"10243",216.71,146.16,148.90,,,,537.81
"11353",894.27,79.84,143.87,61.42,1945.12,85.87,188.41
"7623",1596.19,324.91,678.90,550.81,667.73,411.87,520.48
"12446",,,,,,,5946.00
"11705",74677.37,49185.62,49073.70,45937.82,50291.31,87523.74,67473.07
"8061",35767.94,47386.45,58351.81,92083.43,47917.92,51147.35,22174.52
"11747",356527.67,210767.09,341335.59,239605.03,226882.73,219569.96,335738.83
"12258",,,,,6052.22,9512.11,25211.80
"0943",,,,,,8123.54,10935.40
"0750",653.70,298.83,765.36,5771.72,993.29,612.12,1422.98
"12206",,,,3502.53,5785.40,8024.01,5942.61
"11297",1528.28,163.41,1856.47,81.00,18547.76,668.05,2212.04
"11874",3683.66,1974.12,9207.98,869.49,,570.59,2583.35
"7641",21775.59,16910.79,9300.90,5676.33,8072.91,9402.20,15848.81
"12023",,336.74,463.67,828.95,465.44,451.31,531.54
"7963",7192.00,4891.75,1420.94,1026.91,960.45,1451.88,1730.76
"12139",,,,,12829.33,37619.34,41321.71
"12241",,,,14126.03,27944.75,13177.05,17818.17
"8349 ",4458.06,653.00,3846.03,1215.43,4914.35,1985.57,2344.49
"11191",19274.17,11834.86,18041.58,11254.63,8262.46,5842.76,15755.82
"10403",,,8482.08,4981.58,1174.02,12457.56,1849.18
"7545",6623.81,12627.68,16176.64,8160.48,11817.63,14117.65,5475.03
"10371",8365.06,4962.51,2144.39,7867.32,6139.05,16391.46,7373.96
"11586",4195.89,2561.11,2518.57,1686.33,2636.79,6235.02,3173.89
"12226",,,,555.26,15653.70,11433.93,6015.14
"11080",19549.70,2440.80,8551.45,1737.22,4189.97,1657.93,3715.88
"10748",8324.65,2345.78,1588.31,2845.30,167.03,1853.33,220.35
"0967",32212.59,14384.98,54162.76,20336.62,15931.63,23650.85,27676.74
"7134",4958.88,3849.47,4524.11,1550.60,489.27,2118.10,370.24
"1037",29308.11,16713.37,39469.66,17617.71,9283.73,22014.42,24293.34
"12155",,,6028.51,14599.82,7242.17,2752.15,7755.24
"12431",,,,,,,507.60
"8184",5600.24,1443.95,3710.89,7034.88,91.82,7785.70,746.61
"11993",176.49,2763.51,3678.97,3218.24,1293.73,821.97,798.76
"11249",23316.66,12554.75,19507.14,13749.40,15929.56,9629.72,14681.12
"11980",2173.20,1474.09,20173.68,899.24,445.66,2815.06,2656.75
"7794",243.93,,,,,1004.31,139.78
"12440",,,,,,,6134.83
"11879",12504.00,10717.81,46758.27,20813.99,18747.04,15489.68,12220.11
"8347",1385.36,805.57,24069.45,855.98,883.52,432.77,958.40
"10140",3346.92,7560.54,6681.45,10742.55,15388.65,5757.27,1863.23
"11061",2857.11,,8724.94,12231.63,2086.70,2361.93,261.97
"10375",577054.43,304275.42,512518.29,414394.31,454357.83,457055.38,590922.52
"11898",54.92,,643.54,914.18,,599.31,
"10263",32181.27,13652.40,43532.94,27092.67,40415.23,27180.26,43543.29
"8316",113422.59,37163.94,66297.04,63828.92,44490.32,46461.38,53962.72
"12277",,,,,664.15,1114.54,3869.34
"0545",27346.56,30855.13,55958.29,37676.61,26958.76,24562.97,29979.01
"7569",2417.14,11559.12,7525.19,12355.41,4631.28,6813.50,31174.14
"0122",33846.85,15831.27,23348.05,40928.18,27301.53,26345.95,16770.46
"0049",14223.42,9133.42,15082.25,12094.44,15828.06,1720.39,4579.31
"10517",29258.26,31094.93,68875.66,85411.68,46088.68,40465.52,57818.97
"0152",,1641.38,755.19,942.31,1958.18,7672.39,11428.18
"11022",7338.22,13921.38,31800.79,22549.18,15757.13,16176.56,30021.28
"10711",448.04,603.49,224.68,469.07,,611.47,
"12334",,,,,,12743.02,16978.78
"11542",8757.88,20144.08,12485.41,5173.56,9957.46,9490.75,11681.80
"8130",22904.60,3984.57,16729.78,8914.51,12559.91,5484.97,8476.13
"12370",,,,,,,318.84
"0915",1432.90,380.81,19717.06,,550.06,483.62,900.86
"8218",25939.28,9239.54,4222.06,8377.14,14215.45,2835.41,3867.36
"10922",55059.18,40705.02,61449.02,63126.78,43132.76,39805.65,47857.45
"10395",6057.83,18227.62,11267.31,5792.23,3799.58,2596.23,4642.63
"11685",69888.22,49368.42,44579.80,32010.70,51692.87,28119.54,71572.39
"11035",8441.92,5927.79,6860.71,6505.35,5353.61,17120.14,12945.52
"8003",2082.28,767.74,1249.21,1895.96,2605.24,9782.33,9413.38
"7013",24352.72,22995.11,24662.91,26296.94,10507.20,12815.65,24471.82
"7626",12622.24,2783.87,6186.64,1289.48,4341.18,2030.58,2683.79
"10751",22627.48,2842.64,7518.35,15490.99,15468.22,6515.18,19848.29
"10321",713277.40,445927.08,827427.31,594953.81,582364.13,548373.73,680772.94
"11722",171642.30,157520.52,216152.50,271197.89,298260.47,385203.38,537270.23
"11365",24624.67,2720.72,9672.14,16397.44,3242.75,2294.34,2978.93
"7659",,2020.18,1150.14,,,,
"11304",,,,,1296.80,,
"0951",19715.66,9970.85,20791.00,12586.97,6902.06,9039.55,4503.24
"10946",5409.00,3142.40,7425.13,5162.89,4743.32,4300.54,10337.74
"0492",23345.80,8307.26,24026.29,15933.69,12415.89,12979.23,16704.44
"12368",,,,,,,3052.78
"7398",10168.37,5877.32,10581.57,3448.55,3494.38,7807.30,7562.73
"12417",,,,,,,865.64
"10910",3422.08,2443.10,928.37,4632.49,6151.19,1723.37,806.91
"10947",5242.16,1300.73,6170.33,3065.55,2260.32,3092.34,8147.70
"11902",,,5053.77,20627.36,23065.68,15670.33,38971.06
"10948",13830.39,6675.09,7640.09,4637.50,6196.08,3170.63,1582.02
"12208",,,,893.73,14119.22,12355.70,22014.53
"7302",138429.78,75899.10,103653.40,99596.85,90269.54,108550.23,124236.23
"10308",,,,,275.74,,
"12097",,,1518.99,2312.71,3151.31,7094.95,18744.09
"10649",1320.30,,1179.90,5618.54,513.10,162.56,1838.67
"11301",,1586.06,6406.10,7897.90,3664.80,3464.44,10212.24
"10795",131113.91,53842.93,122036.97,91762.00,98910.68,85912.06,132460.22
"10054",1913.66,189.97,558.61,79.13,635.54,208.25,229.24
"7281",,62.15,72.18,116.35,3797.17,2435.09,489.77
"11535",803.46,82.88,109.24,121.27,110.58,222.05,
"7755",25228.21,14104.75,16708.63,6705.40,11084.42,9404.97,5169.93
"7814",,,416.75,220.42,109.93,286.52,155.59
"12321",,,,,,130.62,55007.65
"10693",111537.14,69248.16,98558.45,76539.54,80559.54,51790.06,86073.98
"11832",,,,,2156.68,,
"11243",11589.82,4170.55,5529.24,499.37,1447.67,4494.00,6808.88
"7608",522.34,7234.56,22394.53,16427.51,773.46,4806.61,2704.71
"11332",984.57,2148.36,1796.65,1135.63,3806.57,1006.75,168.25
"11441",5136.76,4859.22,6492.28,3732.93,1471.25,1222.89,
"11855",18459.24,7940.27,92.42,11197.45,7170.41,2223.37,539.39
"7750",11741.51,5532.94,12297.52,10569.60,13475.50,7608.99,10408.36
"11895",5093.15,666.21,7593.82,9267.18,6310.62,7021.53,6602.42
"10745",24011.25,9594.93,26424.42,23784.17,19098.25,16341.08,23721.51
"12163",,,,1415.18,3625.06,194.28,
"10462",9372.84,13759.95,13317.24,10589.42,9849.84,106.79,4312.63
"11259",23995.02,15484.55,15877.04,11546.81,14251.08,7782.37,15397.65
"7439",83732.83,43479.24,123108.13,50101.31,60077.36,39769.81,27817.53
"10358",24451.48,6907.49,22635.76,9716.84,10998.65,12872.57,14590.15
"10469",565.27,4690.88,234.19,743.77,358.04,407.02,
"12443",,,,,,,2168.23
"12343",,,,,,9998.18,19311.69
"",5153.73,1260.53,1270.35,,,,164.91
"0231",18974.38,14557.74,21224.26,10335.78,9631.67,12907.38,13557.79
"12191",,,,75.91,4599.79,3066.07,8567.14
"11131",26304.46,15989.14,22570.28,13299.54,13032.93,2952.75,4149.95
"12248",,,,,,,2046.55
"12396",,,,,,,2805.91
"10967",4575.27,2425.00,2828.90,15221.37,9119.83,2846.44,2437.76
"10138",6364.13,2891.95,2926.11,4679.10,5084.46,2944.09,3357.11
"8250",3659.76,7395.82,9398.74,28647.12,4978.60,8428.60,4911.14
"12107",,,3202.88,274.25,392.25,120.73,609.36
"10336",33294.02,16540.23,24735.91,13924.61,22542.44,14303.92,19249.18
"10253",1703265.76,904738.71,1591161.58,1088998.31,1000803.36,1008916.09,1336695.71
"7618",,,5580.17,19998.36,25415.47,14357.52,1184.32
"10850",28816.04,15838.39,18606.97,14553.70,13634.98,9838.25,14609.71
"12178",,,,636.77,313.11,787.61,124.05
"11793",,,2403.29,,,,
"8019",57926.66,41500.60,26198.83,25079.83,37373.01,12466.23,40215.89
"12030",,830.71,48916.97,44526.96,9720.37,14422.31,18059.78
"11104",21805.79,7056.03,33070.53,15017.29,26524.60,11195.16,13089.08
"11238",5238.51,2442.99,15785.07,9294.10,16937.60,9383.75,6159.18
"10249",530.17,85.81,1904.47,1380.67,94.52,504.45,2259.31
"11261",5350.68,768.91,10105.44,5364.74,17800.12,16579.13,34671.11
"10174",75347.05,46043.30,47306.75,30441.90,40151.70,30783.91,29541.99
"12024",,318.94,9510.06,17904.84,23001.43,15483.19,31529.17
"11684",1148.18,5555.90,3807.00,3827.99,4491.51,7474.75,1010.09
"11518",100927.42,27069.60,89812.57,66101.57,57996.88,57753.83,78623.06
"12190",,,,253.41,,,
"10108",4677.95,5702.31,4611.95,2991.91,2641.87,3999.42,4937.75
"8301",8661.54,6621.62,8029.23,5883.68,3332.57,2384.20,4128.55
"11621",2098.03,1116.61,2858.10,3341.72,819.63,2247.94,2564.83
"10907",128.70,432.73,214.28,,,,
"11974",150.67,465.92,4607.07,1701.92,318.96,,155.68
"7320",1151.39,,2101.61,,,498.15,
"8226",819.55,1086.01,3822.48,1840.28,483.49,548.82,1575.17
"11335",38458.55,19606.31,23753.43,26685.84,39645.26,25141.17,28676.80
"11506",37683.25,11440.38,26792.02,20127.81,22695.48,8573.13,17118.58
"8344",61383.50,62532.12,78596.70,62600.22,41240.78,68637.09,81236.13
"0002",7864.92,2050.52,8754.99,8957.71,3924.94,4058.39,4973.44
"7263",518.72,483.48,406.32,258.42,173.24,206.24,981.65
"10139",2608300.99,1513800.45,2531655.15,2382912.81,2182330.53,2361982.85,3733543.85
"12021",,720.57,661.09,10505.01,676.00,6534.30,4219.23
"10185",9116.08,4154.54,7645.84,7772.17,12517.97,3526.93,5354.77
"11627",7782.62,15835.87,2309.02,856.20,764.25,13627.75,13468.55
"11067",549.96,338.09,1538.59,467.14,170.19,1015.01,
"11800",,,908.13,1223.57,1743.17,1852.73,1240.40
"11006",28884.12,17216.89,35246.63,18593.84,40234.42,18520.26,27669.55
"8150",1278.22,1642.90,2039.38,593.78,302.07,3415.48,2765.84
"0940",7078.10,6804.87,9991.74,621.69,1421.58,380.64,1699.50
"11432",44276.78,39926.07,54129.62,44454.11,59601.93,51285.23,35735.48
"12199",,,,17062.28,15484.63,42977.19,69164.83
"11410",67882.47,52745.96,69174.02,54508.01,47725.48,32788.53,46665.30
"11969",,,,,4181.82,17658.92,4173.29
"12015",,,,161.74,,,
"8394",540.28,1493.47,,728.29,7810.23,265.12,1752.76
"11073",63902.21,51257.56,99718.51,99448.06,115584.95,100081.35,129586.42
"10045",1270636.63,25573.94,24811.14,126564.17,10929.25,7681.59,38727.39
"11933",130.06,11796.36,17262.01,13300.38,103999.59,30321.85,13237.73
"10846",13508.28,5892.94,5030.06,209.30,3679.71,28522.19,18903.36
"0343",3779.47,5035.86,5817.42,285.86,976.83,,2282.95
"11957",7132.39,7749.53,17780.20,17051.25,12803.92,10772.60,20720.22
"11300",464.47,270.15,1951.88,,475.50,7872.87,7486.78
"10390",35956.96,20108.01,19723.27,8777.57,8357.78,4966.08,3429.39
"10340",9000.25,27464.79,10021.20,10843.32,10228.58,14199.03,3719.90
"11960",9096.75,5362.68,13907.67,12742.97,9718.01,8083.49,20614.49
"12463",,,,,,,1072.33
"12340",,,,,,1464.60,3809.53
"11426",2617.20,3227.43,,144.19,1250.72,343.78,916.52
"7820",13846.33,5175.45,16713.62,7806.18,1809.06,5248.37,8487.42
"11366",813.31,4373.25,640.86,2499.51,1448.85,563.97,4432.06
"11018",22290.45,5146.33,10494.86,6485.75,3531.62,1167.65,2827.04
"12302",,,,,,,331.78
"10121",31764.23,21241.97,30902.25,15065.79,15951.32,8890.59,7177.50
"8060",,824.31,,,,,
"7702",2880.86,120.30,516.10,849.71,1340.69,,
"11507",2737.72,,,,,,539.00
"10317",5111.66,916.17,3451.89,1102.29,594.32,586.99,1426.91
"12228",,,,,700.37,170.04,127.67
"7186",8644.96,4291.00,4730.82,2787.74,8793.12,3937.06,6346.34
"0555",3859.31,234.83,2563.22,611.66,1641.89,,1116.43
"12073",,617.89,28765.37,10071.45,6977.45,203.95,
"11292",51513.73,32605.54,49499.02,34419.67,20216.09,14528.71,31415.79
"11645",7740.32,104.00,1289.47,7639.35,,1675.91,1035.79
"0063",39143.15,20000.76,60001.83,41069.25,34720.61,24287.28,35762.00
"0261",1396.73,2566.26,424.05,2751.93,298.99,,293.76
"9001",1520.72,12239.85,2236.48,865.14,283.79,2247.91,2856.14
"10309",19831.45,8777.68,16811.16,9880.46,11742.84,10302.34,9839.46
"10426",57943.25,29226.10,33548.48,24827.18,23378.89,26115.45,63942.27
"10181",30807.93,27965.54,43285.90,30003.21,24040.94,10308.87,13854.41
"7400",1294.14,,,,,3008.76,5270.16
"10872",42.97,,202.69,945.63,3887.37,2401.76,1995.68
"12040",,,1230.63,379.54,9844.60,,
"7394",1687.83,6629.53,5965.79,10898.53,719.36,910.76,4924.44
"10130",716.34,145.04,6068.62,138.08,,2883.87,10487.20
"7699",38969.84,22907.18,34404.16,23041.09,29286.80,22353.31,24624.99
"11278",47917.31,32624.40,45402.68,32511.82,40693.81,19963.53,26039.28
"11391",17625.61,24086.21,31732.45,30735.60,16600.33,13425.47,11953.20
"7347",2665.72,3413.16,7400.29,1857.60,3053.48,6494.64,7144.88
"10824",26121.31,13498.62,31433.93,22979.00,27357.82,22011.73,34427.10
"11943",230.54,5260.29,723.03,1424.15,657.35,2457.22,1787.72
"11728",12364.39,11374.87,13470.86,7654.95,4866.58,4962.85,5007.52
"12098",,,10031.79,4466.22,1698.29,4069.44,14256.27
"12452",,,,,,,684.45
"11415",10191.39,2165.58,6614.17,10748.52,7873.18,6702.72,3400.33
"7752",48478.90,33094.09,37742.43,21090.65,28172.02,24609.50,61722.93
"11756",962.02,414.60,,,1178.93,,
"12324",,,,,,553.96,1852.96
"12380",,,,,,,6632.35
"7422",8982.81,3603.45,12410.96,7430.05,9630.10,5767.13,14949.70
"11759",1708.97,8471.66,8017.02,8247.45,16640.59,6987.26,4385.17
"11433",265047.34,102586.00,184640.57,164792.11,135769.78,154880.47,177644.98
"11376",20021.13,22217.49,23469.76,14490.51,21269.87,24177.89,62461.71
"12045",,1618.14,2685.61,2453.13,410.68,1299.44,1451.73
"0488",12980.41,6542.40,6102.23,2780.83,8273.14,2657.94,2367.74
"10431",12098.07,6150.36,32900.00,12596.23,12881.38,9896.98,14076.00
"10893",,,,,,,3262.97
"10672",52608.40,47435.15,53770.99,33109.31,17366.51,16518.29,10637.43
"8078",22220.59,15117.45,11616.56,13855.93,12084.54,12275.80,18324.90
"7975",3159.84,1941.49,6978.27,2146.54,372.82,374.85,127.18
"7039",4468.77,2158.83,26712.32,4306.14,4776.03,2124.35,15455.92
"10212",3426.12,533.47,2207.44,5626.77,1284.69,8332.01,2010.79
"12186",,,,53520.47,41756.93,26205.52,56000.68
"0546",7905.84,,,,,,
"12035",,6284.83,34628.25,11292.62,7928.82,7905.29,26632.41
"12263",,,,,20970.16,16162.08,19359.78
"10960",,,,132.82,213.37,,
"10082",,,,827.46,9587.76,11707.38,15112.26
"10281",2307.40,829.06,1102.83,1289.92,1650.82,2381.84,8187.95
"10233",171905.77,57207.03,32226.49,9168.52,30753.52,41133.84,45606.82
"10031",13105.05,13204.41,12282.21,4846.49,4652.79,8329.34,14582.42
"0140",5758.40,2248.91,418.55,1283.69,335.78,3902.92,1508.36
"11388",6220.35,2378.65,3500.64,3844.56,1840.81,3936.03,4744.23
"11919",1209.09,590.76,5497.26,722.44,594.64,1157.60,171.06
"12400",,,,,,,103.46
"0460",,1068.87,,,,,
"8288",18121.58,15204.44,14612.86,22739.17,21228.75,27141.18,21748.03
"11392",126663.39,79104.59,225992.64,174630.55,183810.82,206833.13,283142.38
"12330",,,,,,2579.45,
"12047",,5221.36,87160.73,68141.50,79698.56,100168.35,88552.88
"11913",20850.59,68675.80,85121.98,43631.55,47443.53,48477.47,48691.34
"11203",6103.78,4429.98,4246.98,2886.30,3433.76,6556.26,7606.70
"10488",36868.09,17274.78,16404.07,17692.50,4050.94,17577.48,29491.05
"7360",1198.80,158.86,584.98,644.51,569.09,222.19,1083.54
"11870",1421.90,,,,,,
"7452",24979.75,11138.98,27818.91,12946.87,12118.00,3687.27,4191.74
"0762",8169.38,18498.38,2936.45,1866.26,69.48,4922.73,2229.58
"12200",,,,957.35,,,
"10236",3467.10,1306.29,3358.70,3512.53,1356.87,2264.66,6397.40
"12478",,,,,,,
"0446",33585.58,22821.59,28985.20,15892.58,20417.01,5951.73,16089.98
"11678",685.57,634.44,540.42,892.16,599.44,328.36,159.22
"11416",15219.88,26411.49,20240.37,24426.63,32266.10,12813.73,17424.34
"12286",,,,,1854.44,4107.09,7930.68
"11355",384.81,11499.81,1004.12,,,,
"10330",1647.15,625.21,287.54,3430.95,1064.20,1687.33,687.54
"10097",185942.29,76363.76,168040.99,114744.80,78854.19,122602.08,30112.53
"0145",6359.83,4141.78,17285.73,1627.53,9095.39,5963.26,7412.37
"8383",99166.14,53935.09,85669.67,47557.35,60515.83,50529.28,54001.64
"7560",2212521.69,1149496.81,1877538.08,1399516.98,1307142.29,769583.49,1041083.28
"12119",,,,601.13,,7604.17,832.42
"10698",41806.24,28018.81,22189.91,21607.62,25311.98,19363.43,24776.24
"10548",160397.01,39412.89,18594.56,93125.06,43033.51,27036.42,28007.45
"10103",6438.06,1123.37,2350.27,3004.58,933.44,749.61,11976.94
"11407",170672.36,155310.00,180740.82,163991.72,161750.75,164743.40,219255.68
"7015",6930.16,978.02,8037.25,3569.60,3719.47,6999.96,3586.95
"10157",979.14,151.50,860.13,339.90,387.10,512.28,633.22
"0221",10384.46,4853.92,13735.83,14156.22,20705.02,7526.11,7573.49
"10468",4069.40,2394.66,5172.82,4261.36,2608.43,3772.78,2213.93
"0413",28005.83,26210.14,39867.89,25162.88,22693.86,19934.63,40199.88
"7288",1358.36,5661.29,14246.55,2032.90,3097.06,2716.38,1968.12
"11398",8840.55,215.40,3348.92,1222.73,2983.39,6239.41,1911.94
"0056",101082.10,61355.65,193279.70,95624.62,103920.91,119079.53,194876.69
"7709",11318.20,7051.71,3857.00,2210.93,10041.71,1290.65,11881.56
"7317",15765.90,11057.44,13650.24,7023.25,3542.68,3100.27,5341.71
"11329",170.73,78.57,227.08,137.43,204.24,194.56,153.08
"11109",10437.94,3565.66,4764.16,3522.56,3391.80,5238.80,1554.07
"7605",10505.37,6714.55,16309.33,13505.43,21103.28,16209.28,22471.73
"12294",,,,,9537.84,42044.73,43306.06
"10551",2214.49,482.38,3670.10,2936.45,878.25,2065.50,1568.00
"12361",,,,,,,2239.83
"11858",996.44,11176.27,89631.92,70399.79,50515.05,65674.68,87870.02
"10863",12843.98,1616.16,4913.08,1314.67,2125.17,2497.18,4041.50
"7829",88.93,3315.44,775.58,92.91,275.57,2294.45,1667.97
"12352",,,,,,23975.84,61988.26
"10673",27994.98,14885.46,27085.83,44744.54,33833.17,25950.06,36784.71
"11554",1441.18,,,,,,
"8306",211562.06,79448.10,44259.90,6719.10,92469.56,130718.49,144328.21
"0307",34692.92,3591.22,4563.87,8102.81,2213.67,869.53,425.14
"12257",,,,,94.77,72.18,441.11
"11984",,,1691.32,837.86,,,
"0932",137414.53,87950.68,147914.01,147237.00,124165.38,149373.86,161669.45
"7362",26232.10,14518.79,28488.40,16309.67,7593.56,4652.54,15128.03
"11013",45168.59,36371.20,41902.43,36638.68,38108.15,34569.11,65226.08
"10184",76452.60,73152.31,76115.25,52309.72,51667.27,43229.71,67677.48
"11505",,,1207.07,797.10,1384.17,908.33,
"10113",13844.19,3920.66,23160.22,13437.53,10518.40,11697.09,13411.64
"7761",8708.11,6281.62,12885.72,16524.28,10175.04,4674.81,9610.58
"12267",,,,,,80.95,
"7695",32000.95,8656.58,18577.84,18690.05,13177.81,24224.12,22311.50
"11110",4928.58,3454.27,1634.04,1461.55,5444.67,6883.74,328.95
"11404",20579.95,4711.95,18012.26,7876.58,7280.55,2919.71,5430.31
"10709",4753.97,2912.80,3245.60,1315.40,1106.54,3761.94,9779.68
"11835",,3963.87,5225.51,709.69,12130.13,7963.23,7367.40
"11795",11264.43,6281.65,2103.62,2386.37,2982.93,2697.28,1970.77
"8248",1732.97,1106.11,1217.57,984.22,370.89,108.98,193.89
"12149",,,203.79,1734.34,1605.89,4270.34,1847.20
"7373",17202.95,11016.12,11792.06,17530.94,12605.61,11137.26,11327.31
"7625",4198.32,11970.30,17834.85,7743.27,16893.69,11472.98,14190.07
"8080",135711.19,57535.91,92895.99,82511.00,70159.64,88518.78,92162.85
"12087",,,,,103.83,,11889.55
"11166",43914.24,6174.10,10892.79,21945.40,15140.13,14403.17,458.86
"12180",,,,820.08,149.65,488.53,352.04
"12238",,,,,,,3505.26
"11641",5954.03,1306.19,,258.86,345.26,817.72,235.83
"11643",5722.03,25370.18,4267.90,4594.30,2633.65,3495.37,1832.79
"11485",17611.67,9679.15,9916.98,9142.10,7844.75,4734.04,7245.43
"12038",,1220.48,9945.99,8738.09,5899.53,13080.28,4830.21
"7672",8531.40,5325.87,6304.53,4820.53,8962.98,9741.90,7650.09
"11059",597766.78,284285.84,456996.58,292780.20,429949.39,492414.89,684126.40
"00001",504.09,,1206.84,594.00,122.76,117.66,319.60
"11889",34952.05,40410.66,74575.62,54637.33,89552.63,76678.55,90563.09
"7739",103613.84,78341.05,103333.18,71280.24,97435.68,78526.97,108480.62
"0457",11819.89,18077.69,10177.66,9253.47,7930.61,25725.12,16906.79
"10555",7268.72,1815.84,367.63,819.84,1496.57,341.35,242.17
"7842",20332.99,33089.25,22516.68,9412.54,15205.06,11290.42,7692.70
"10860",54123.18,30704.78,56221.93,54906.96,51982.05,26485.23,34711.48
"10430",25575.91,11709.32,16718.74,9857.23,12256.29,22949.01,7416.43
"11305",18828.18,12562.27,5917.12,10742.81,6284.07,7525.25,2913.29
"12266",,,,,,567.78,176.54
"7428",2522.37,1164.30,6734.58,9562.90,25282.31,9713.33,6428.04
"11555",38646.21,35381.62,68791.78,38647.12,15140.85,27307.46,25858.71
"10614",61571.88,33972.48,72716.39,100805.76,77876.33,66640.90,95452.90
"10439",10073.23,3560.50,5868.62,10771.63,4410.76,2683.56,7318.87
"10445",77409.06,31660.99,66626.18,37830.03,42825.15,42150.96,58691.78
"11202",809.95,4176.12,13931.08,7332.58,4139.29,5124.73,12249.33
"11337",17314.40,5223.45,13945.21,15065.77,6862.14,17693.54,16318.38
"8210",7460.00,113.50,3861.78,979.39,158.03,634.55,1874.72
"7852",3808.78,1212.94,7221.19,5601.79,12628.37,15526.32,9013.57
"7862",99819.93,64865.83,93200.00,68298.03,79454.60,76835.55,70467.34
"12243",,,,,4037.75,,
"12203",,,,,,136.07,281.29
"12413",,,,,,,61153.98
"12388",,,,,,,20464.41
"10315",413.02,424.90,1460.22,234.02,72.41,159.20,293.80
"10251",10589.37,7637.17,6618.02,2338.48,1021.66,,
"11914",154.16,3104.45,4149.57,1041.85,12091.26,1133.58,4030.67
"10299",3082.17,1824.90,9278.89,5063.97,4222.42,591.91,1756.01
D19887,100516.67,53091.06,101395.25,76005.81,3128.76,,
"0315",4777.48,1563.31,3586.02,5251.36,4289.70,934.98,2661.84
"11901",5268.63,1113.37,469.74,899.27,,720.88,
"10313",30880.07,14830.44,26899.19,21485.20,19362.55,13773.25,25367.57
"7588",231420.54,176707.15,230158.37,157907.09,195396.80,162549.39,214295.44
"12143",,,,19421.39,160579.13,126789.85,83634.17
"10906",1053.30,572.64,397.84,976.97,382.32,2773.57,5223.16
"7632",5929.46,6380.99,16521.25,13989.82,19136.54,27754.88,25323.97
"10770",21195.53,11701.40,17986.76,6373.34,11526.28,8833.51,16415.51
"7923",14561.18,4363.77,9441.39,5257.81,9753.37,347.95,5747.09
"12227",,,,,1626.21,40195.61,120278.54
"11087",1427.13,2626.77,2623.33,,142.37,5861.32,11843.11
"10937",,,,435.35,,,
"10421",4785.28,4394.90,16363.41,7292.33,4471.80,1628.90,2057.36
"12026",,,40571.79,48216.92,40185.64,32540.43,46265.49
"11288",15604.40,3808.03,12168.86,2224.31,1862.96,799.83,1263.23
"7760",1138058.65,705209.32,1062244.70,790149.28,910843.95,899257.24,1064048.67
"11524",21601.35,5306.15,11450.21,9129.53,31601.47,9766.29,15055.90
"7873",361239.24,154948.93,360031.27,231248.82,203503.04,181909.88,208030.96
"7290",21142.36,22570.58,23646.72,12568.49,12319.21,10763.16,13220.89
"11690",,24835.05,74092.03,33243.82,6794.62,4560.36,13175.91
"7937",650426.91,529300.32,585272.31,470775.26,491022.54,427001.60,580825.03
"12135",,,1636.21,1858.52,1471.05,1500.95,5068.81
"11240",15022.27,712.14,19414.77,7111.89,5563.82,3241.09,6206.17
"10953",29246.02,9806.50,26097.24,10227.67,21423.85,18100.03,14476.32
"11704",,3371.13,,,,,256.14
"7520",516493.09,253683.75,253102.07,369951.87,327321.67,281351.80,298076.13
"10812",13949.33,6823.30,15371.20,7469.99,4015.02,3123.23,22147.80
"0367",4194.60,2634.85,4460.07,7090.96,,1439.89,1590.54
"10558",29019.88,20526.66,19208.52,15115.64,12312.41,18808.42,25766.63
"7455",21372.44,6088.78,6014.32,3000.54,6856.02,5251.14,4828.74
"7129",18188.16,3603.55,6713.91,3260.67,2795.35,4270.55,4341.27
"8295",870.36,5084.42,427.07,4896.93,,,1609.96
D28492,209.51,2806.57,1007.68,,,,
"7599",9434.02,4035.16,15362.26,7899.67,5035.16,2560.14,3391.15
"10783",10554.98,7641.10,6519.48,6820.84,3080.69,3403.04,1892.02
"11439",3855.54,1422.31,3119.35,1150.39,1410.28,4508.16,350.20
"12131",,,14827.47,7153.21,12315.77,2660.10,1312.80
"8163",,,206.07,,1836.59,,
"10105",44975.46,32597.01,39106.93,18518.88,29472.96,27114.76,16973.33
"10125",12946.58,12868.27,7057.14,5921.89,1947.16,1189.54,1625.51
"11942",,4121.65,1064.90,1785.01,163.50,42.09,1368.57
"10678",110.21,933.37,23166.37,2159.05,1751.75,2348.78,2678.18
"11167",1595.61,1220.42,,,,,
"10339",52878.59,18171.08,24988.91,10577.50,14861.29,10226.40,28602.89
"8366",15686.26,7517.22,22796.09,14861.51,12687.44,12936.57,24372.82
"8117",37054.20,16105.56,27474.53,30315.56,6715.98,12588.49,8679.24
"12110",,,4280.51,1007.34,1702.09,3236.12,7216.62
"11656",1424.80,51.04,391.43,414.84,790.69,490.75,302.15
"11405",5858.96,3080.24,6465.77,5153.01,741.29,2147.21,3037.43
"8091",2048.45,1341.10,5351.25,167.21,272.66,231.72,293.31
"12072",,2583.98,28807.29,59259.89,60100.45,43675.94,84443.48
"11805",15834.91,3061.36,5039.88,2116.81,3533.32,9167.79,6092.84
"11386",30772.23,22543.77,43350.99,26723.74,32253.62,10699.65,26928.30
"12148",,,2402.67,6596.47,6848.59,3107.93,1536.56
"7619",957.51,7007.32,1625.42,412.89,1257.42,4007.21,134.29
"10761",2788.30,1006.13,1386.74,7382.68,2300.98,5350.73,1323.76
"10046",67911.98,34906.94,69698.35,54175.58,41390.87,46636.54,69145.90
"12284",,,,,990.84,9178.17,4246.63
"12269",,,,,216.72,,
"0520",8760.71,6321.62,16350.60,5024.28,14349.41,6144.20,14896.77
"0386",1713.06,,,,,,
"12249",,,,,3338.61,9194.37,2841.19
"11214",2101.41,1162.10,2128.46,188.28,,3019.46,145.99
"0613",255.24,153.96,172.89,238.90,1070.98,,1025.53
"11978",,6979.10,2933.34,3676.92,14339.31,6835.77,4918.34
"12222",,,,1038.07,5785.31,7041.30,10553.15
"7726",14134.64,7973.56,19120.55,12886.71,14506.16,12722.93,16552.17
"12296",,,,,,2311.55,19536.66
"7264",2746.06,348.83,,,,,
"11567",119796.01,79791.82,139571.49,116236.51,145224.21,98400.20,84842.94
"11821",2816.86,,136.97,8119.67,1483.45,2045.74,172.88
"11370",112.94,,,4189.25,7485.33,,
"10354",60998.49,5952.52,1346.39,161.13,2708.83,1220.68,1878.11
"10061",173217.49,88578.51,182332.30,122552.96,88616.35,24888.26,29298.22
"11408",,13306.14,112385.45,73126.16,63913.01,65378.21,103464.32
"11675",9930.15,2601.31,9044.42,10733.86,9317.63,7124.28,3519.68
"11968",13227.62,31243.75,48327.83,32517.93,24450.43,23686.97,37201.86
"10406",91430.13,60596.00,88645.54,51596.20,59070.85,38947.11,65570.91
"7579",241645.80,248743.30,93355.10,105005.10,27415.81,,
"12379",,,,,,,1907.67
"10941",2367.51,153.07,,,,2288.96,381.90
"10161",,,,,,,49041.85
"10679",20770.40,29164.98,39918.40,27630.18,45442.97,44308.53,67362.41
"7954",48361.93,43726.93,53010.47,34726.17,46752.78,30199.64,49286.03
"7448",4391.97,1266.09,2607.68,4347.76,1506.87,,
"1042",1743.18,,,,,,
"8232",729.94,,,,,,
"10919",65072.10,12584.18,22736.75,31353.90,30984.76,20771.01,31267.90
"7529",27451.57,28234.17,38153.70,32071.51,38422.76,27523.72,35566.52
"10714a",17506.09,8757.20,19659.26,15527.40,11259.69,10447.08,25786.29
"11094",4929.01,14173.90,14664.32,18238.26,13728.04,21603.33,28875.56
"11194",647.00,117.94,816.08,238.27,1962.24,2460.83,301.43
"11488",52509.91,18642.34,58597.59,40220.36,11978.71,6120.86,13270.10
"11146",2828.89,593.19,1724.65,2265.35,1565.83,2136.66,5467.63
"12130",,,11327.18,25579.20,18017.20,3691.62,6203.35
"7696",6609.90,5741.65,169.77,342.42,,,2829.81
"12445",,,,,,,5548.60
"10659",8415.20,3867.18,7100.83,9589.64,1194.75,5477.98,1360.77
"10726",7825.21,6771.71,8771.30,3513.95,5212.94,4318.95,11343.38
"12409",,,,,,,53.86
"7678",6404.45,5854.15,4206.09,5147.98,3321.97,7965.22,
"11564",19208.43,10708.27,15907.19,7242.57,4085.31,5678.76,9891.40
"10277",5752.01,1498.45,3566.38,1556.26,1911.03,1150.96,2521.26
"11674",,475.02,1151.70,,,,
"0712",4298.90,661.60,2777.91,,,,
"10662",9139.90,5059.06,13963.30,10939.53,22813.61,17239.45,27831.94
"11430",,,,,6676.38,17337.47,77356.92
"11306",20722.50,4973.32,22986.34,20126.62,8193.92,17259.90,15645.19
"8235",40357.55,16242.90,50722.26,12653.83,14758.22,10544.09,6724.45
"0388",,,,,512.50,,
"11841",,17142.14,49952.75,57081.49,56185.01,68281.04,84893.11
"12314",,,,,,111.65,
"11504",1005.77,567.95,124.12,,,,
"12106",,,2440.89,4909.62,12653.13,2831.29,1603.52
"11613",14886.73,9815.73,21488.47,14618.24,14746.24,10979.82,12507.18
"11997",,6943.34,23960.08,31102.76,37561.70,5633.68,9663.73
"11048",51716.90,32771.22,52760.75,34877.94,33345.99,27335.17,24635.56
"12320",,,,,,9025.05,27279.84
"7995",26385.98,6908.60,10546.26,6812.03,9145.37,11264.44,16339.63
"11057",3212.72,1707.95,2618.34,1836.81,916.52,896.31,1905.92
"12121",,,82226.71,118816.69,211028.78,182388.57,249506.38
"7250",394.20,560.75,91.07,197.37,,164.98,82.61
"8191",453.59,855.06,1375.70,,285.12,404.46,370.62
"10622",56933.60,12535.36,39476.20,51028.20,46960.12,47180.57,60392.40
"10353",630260.73,372240.59,743648.83,719266.80,658445.64,419019.53,590948.79
"10510",3020.64,2745.59,385.85,3016.79,1119.55,4709.74,2134.15
"12017",,29884.13,43211.17,181.38,81049.44,106178.36,326838.41
"12420",,,,,,,376.20
"7337",8038.02,12678.45,16677.67,26667.46,9679.03,35332.99,23533.02
"7637",,,1731.05,973.18,,,383.92
"10959",41361.02,49948.48,78266.46,49146.56,45975.99,58546.22,73283.57
"11699",26646.93,13694.50,78603.91,49569.99,48981.00,32201.24,50107.06
"10608",123078.16,80276.59,131740.09,78422.84,96711.38,69063.99,128612.09
"11189",3071.45,2285.20,5139.56,531.31,296.92,177.64,132.68
"11125",3712.01,8055.10,3494.27,3236.64,3199.83,2874.10,2964.92
"7490",76320.31,38553.36,72174.56,62027.81,82252.14,64287.78,90471.16
"8052",36045.91,21868.05,20155.78,35991.25,20324.63,10593.10,27655.58
"11183",46382.23,30023.77,41792.07,33032.46,24241.63,31725.13,29228.57
"0158",35856.02,26546.91,48720.03,20536.38,30652.68,44840.77,27130.98
"10766",15010.42,12471.11,22224.64,13944.65,26312.44,28739.27,10212.56
"12052",,,4899.63,63429.38,69474.92,26068.82,35568.78
"11892",26281.69,4165.23,12663.05,22290.61,11202.13,516.66,22922.86
"12129",,,125.95,,,,
"10867",10054.20,9249.92,11120.49,10479.41,7687.44,9048.00,13345.82
"7012",503548.80,290110.51,557607.53,404986.53,367956.95,323942.83,466349.95
"12229",,,,20125.36,104610.12,146126.25,121252.07
"7006",9003.88,3236.89,25572.24,22079.85,9185.22,8165.91,16071.93
"7485",16618.40,6448.41,18638.05,6639.57,8241.70,5353.50,2844.87
"11411",31514.41,49539.46,28688.08,12518.03,20527.48,36609.56,9216.94
"12337",,,,,,1929.27,2969.58
"10408",134108.40,77355.86,135217.55,127511.35,103468.61,93242.23,132650.63
"11412",14797.95,10420.05,12216.07,13987.60,10566.44,20248.79,34953.87
"11702",,,,494.19,4355.37,,
"8171",16439.12,7228.67,12917.40,13196.74,7931.95,7675.07,18355.43
"10637",147641.44,92767.64,137532.11,144011.77,239895.15,231983.38,294529.90
"12140",,,383.83,1080.38,991.19,2801.14,2302.28
"10564",5797.85,5130.02,3721.68,21240.34,17924.69,4654.64,16830.14
"11729",26107.21,25519.33,284997.01,199051.08,208351.59,132272.74,171956.41
"11184",569.23,113.74,2569.61,1006.52,876.27,875.20,987.72
"11320",,,,,,,6880.12
"12429",,,,,,,781.46
"11190",,89.73,1971.26,154.36,146.06,244.80,102.37
"7603",10232.58,7155.79,17696.51,12845.37,14754.54,6433.75,12105.27
"11693",11495.19,7292.89,11580.55,285.08,394.83,,1167.20
"12305",,,,,104.09,123841.80,156956.33
"10987",79.73,12391.83,80.63,,,,
"10059",18812.13,11509.17,9121.26,12120.90,9377.87,6084.92,10081.08
"10442.01",19677.80,2252.05,4585.05,36596.80,16040.29,443.42,176.66
"11158",2459.49,1145.79,4810.57,2394.93,2547.45,1762.01,2288.96
"11218",2465.82,680.23,17877.22,16874.15,7831.37,18503.37,19971.49
"8370",321266.44,183555.73,329026.66,225045.04,190818.92,171790.41,323655.88
"12088",,,57302.56,31135.31,35482.05,40149.61,65789.86
"10903",20686.99,23170.12,29612.41,17994.30,14737.37,13229.80,23634.27
"12290",,,,,233.88,45098.56,56525.04
"12194",,,,29955.78,31926.06,26304.33,42046.85
"12168",,,1991.72,,672.89,568.49,
"8420",73114.17,67006.55,39046.05,33754.31,46967.07,48428.05,66517.56
"11820",3747.88,,,,918.71,,
"8183",46536.83,24181.04,33712.66,25561.26,22962.81,6988.47,970.33
"12233",,,,1696.64,3873.07,1977.26,6922.64
"11790",7124.04,208.52,2943.18,1011.22,916.33,,486.87
"10584",3785.19,347.81,7431.53,2094.20,447.64,2285.23,592.90
"11188",2870.70,69.34,,89.44,2347.60,127.97,960.48
"7484",355416.57,247607.19,345899.77,364860.89,349559.04,329346.81,412044.07
"11581",281101.08,140420.13,242715.46,171018.30,169758.75,149182.60,156490.47
"11668",768.63,878.08,178.58,,,,
"7306",20384.27,21323.07,50822.84,17490.78,16382.35,13093.55,24108.08
"0328",115853.09,47704.30,41742.81,24796.49,22294.92,20446.79,8770.55
"8345",1781.91,2826.02,3289.28,1502.40,656.07,2599.26,3757.46
"7253",9215.59,450.46,3177.47,3334.03,2162.20,1382.01,344.97
"0725",6881.87,2963.55,1926.45,1952.12,2510.84,3696.24,1512.64
"7508",4732.81,3127.78,5772.99,6338.19,12618.44,12251.12,14563.26
"10047",22967.21,4885.16,6030.05,16859.28,12994.05,11390.08,14978.35
"8246",4217.69,6225.80,6220.63,1238.69,1946.24,2589.96,992.99
"7333",307880.19,234622.29,369601.53,207900.30,220997.85,272941.47,403685.09
"7357",96714.44,61676.29,67011.89,90025.38,83258.12,77192.10,96991.99
"12325",,,,,,19781.58,60576.74
"11936",6953.75,10687.22,52838.61,64902.24,48775.80,11679.47,11745.37
"11717",62692.37,45843.09,87123.52,51288.35,69625.39,60757.14,45329.95
"12363",,,,,,,31346.61
"10291",319.97,530.89,,,,,
"11089",1481.31,,1090.10,3354.66,1216.62,357.73,2112.75
"12393",,,,,,,1524.40
"11846",1782.77,8614.20,9860.01,2253.47,17027.50,6693.62,7951.92
"7669",9239.73,8237.25,4542.78,5187.35,3702.74,2611.58,6016.16
"11179",6359.80,7206.67,6476.37,4335.92,12620.15,8698.69,6572.28
"10741",7131.19,3450.22,8671.55,5988.45,5100.66,3478.39,3867.22
"12356",,,,,,301.39,473.37
"10398",14970.75,11208.23,25510.93,15601.16,9415.06,21962.09,27584.21
"12468",,,,,,,71.55
"10379",317.50,89.30,,,,,
"11787",8901.96,1976.22,6343.93,3468.46,4051.02,2913.26,4129.10
"10194",,,,,3060.28,1835.36,2386.15
"11719",3767.02,1245.42,4319.34,4277.20,2903.84,1696.68,2568.99
"0920",124361.52,89351.39,134958.31,103925.08,105874.41,77109.31,120561.92
"7826",9318.34,3096.99,3239.47,4203.55,12777.00,4106.95,6841.13
"12001",73.67,,,,,,
"10873",4927.00,1011.16,1548.67,2671.66,4810.41,1357.23,13683.74
"0666",4224.71,9694.27,,,,,
"10945",390031.39,222438.97,307572.39,253574.27,219847.34,195976.26,278996.34
"11016",105714.79,21717.04,102409.36,37028.97,17703.34,40988.80,53620.30
"8211",,1915.97,9678.33,2521.34,4816.67,5699.43,6012.25
"7547",557.75,1878.61,758.57,9841.29,295.74,,2838.53
"10444",1381.97,3753.43,2864.44,,467.27,,
"12430",,,,,,,1733.09
"0193",6749.76,397.03,1201.97,1191.58,1017.83,249.92,
"11162",516.98,3596.24,1257.09,,,3714.38,183.84
"11357",291811.41,213577.10,503400.07,266577.03,203219.79,280773.99,546011.20
"10954",17001.47,14878.46,25253.85,13003.32,12680.93,12111.75,19735.68
"12193",,,,2067.82,5246.23,10293.21,30362.88
"8279",,392.15,,,,,
"8127",6843.34,4122.36,7805.19,6428.75,8683.20,3714.68,6127.39
"0374",1099.03,4626.91,1289.10,,3170.50,3845.04,236.08
"11703",25566.35,24285.15,100.38,,241.87,,
"10593",10017.77,171.10,8390.47,3056.12,5869.29,,3480.71
"7326",15054.40,4128.54,21374.49,5788.01,1949.10,4541.78,4691.89
"11414",16946.07,11634.67,25706.11,5837.91,9616.77,8436.94,16488.82
"7453",25103.29,8272.36,8169.36,6754.56,6469.49,11537.50,8656.48
"11910",1102.86,12797.84,16214.81,3837.58,5362.72,3273.77,8564.38
"10857",32645.83,16524.60,32978.95,21626.12,21997.03,18530.33,25785.39
"11927",,1914.93,25236.00,3497.10,8837.20,2411.61,410.42
"11966",,147.46,,1364.36,,,218.64
"10073",118580.69,60425.72,123340.38,66703.15,98427.46,57623.93,82072.88
"12398",,,,,,,8670.63
"12402",,,,,,,689.02
"11233",6532.24,7496.87,5517.96,4176.31,2365.41,508.40,1694.44
"11428",55788.92,42162.00,29771.08,54023.24,37279.88,38469.37,51475.47
"7738",9325.05,2533.37,9175.20,2067.63,1364.63,3657.39,1537.67
"7193",5319.37,7355.12,7122.61,14411.44,967.71,2294.37,1835.30
"7925",54230.87,45235.77,29718.57,47010.53,28246.01,25675.56,51325.33
"11294",7511.98,4808.03,6999.58,6469.46,598.30,4805.31,14826.88
"1053",60732.07,42776.72,68922.70,55052.83,48173.70,49011.95,83192.07
"11290",1897.24,1036.85,1746.50,11133.18,17994.98,38174.55,40428.85
"10180",9048.28,7243.07,14069.91,5158.03,4687.47,6338.36,6341.36
"11514",12103.91,5576.13,23305.01,11525.71,2520.50,5260.74,12478.81
"12434",,,,,,,4843.57
"7779",11318.94,10059.19,10511.35,11396.18,6067.94,9586.74,8568.45
"8219",10860.48,2904.51,6848.78,6012.15,6505.30,3030.16,4911.21
"7559",35389.14,21241.84,30468.49,24577.62,23646.02,16949.95,27985.54
"11884",63297.33,43868.66,57811.68,37567.96,40914.58,38505.81,30087.18
"10690",7120.15,3827.59,8231.41,4996.91,2592.28,2204.54,8681.39
"12288",,,,,182.98,768.32,
"10756",75170.75,25359.34,51372.10,38363.09,26077.18,25706.26,43593.97
"10319",1375.01,6467.99,5114.20,149.65,10447.91,562.78,
"12181",,,,3051.10,4082.28,3724.53,4162.01
"12304",,,,,1791.21,17803.30,12649.35
"7680",392.24,180.82,1350.38,1373.00,2176.82,1331.41,
"12281",,,,,103.46,,485.60
"10019",47855.64,12987.12,59995.84,28728.15,11224.89,29779.62,15403.65
"8079",4194.51,2389.29,4381.42,1117.92,312.02,,
"10280",16176.36,11001.03,13452.58,13926.62,11468.05,32026.40,19827.39
"12152",,,3127.13,5237.67,3802.35,86.25,223.45
"10074",25597.90,31015.26,108427.50,66746.65,76910.83,86734.46,65112.85
"11285",23885.65,14587.94,21309.70,11540.49,15310.97,19633.41,18220.95
"12350",,,,,,1409.40,363.05
"10791",91236.50,58316.91,50277.03,69227.82,43185.54,44928.96,71060.00
"10086",31682.06,24998.05,26399.82,12147.18,8700.60,1737.01,
"11707",2947.04,,607.17,804.09,,,4114.55
"7747",12003.39,1068.59,3874.93,200.87,494.14,314.28,479.99
"11052",,1449.19,3366.38,1080.83,2006.28,16245.00,1303.71
"7742",165.65,,,,,,1803.84
"11026",11818.22,34087.12,22149.34,15683.90,13499.05,3797.50,13533.04
"0423",3469.70,1118.76,3409.25,11967.64,4888.23,656.85,2818.07
"11970",1788.42,15679.34,,,,,
"11302",204968.90,68340.58,140504.92,84975.83,108429.58,60733.19,71434.97
"8263",130113.90,83307.25,150569.68,164891.19,107013.84,100601.61,132723.90
"10944",22688.94,6049.20,11878.99,9412.58,6549.05,6257.96,9263.95
"12114",,,272.08,16106.50,36134.90,32009.90,56636.30
"7733",29385.52,29897.14,64621.65,19332.96,29876.82,24993.25,36080.94
"11325",195401.81,138659.24,236507.86,130690.55,142429.85,149946.70,191791.53
"10099",8292.31,9796.18,16039.02,17246.29,13466.01,4681.33,16079.33
"8348",,,336.36,,,,466.26
"7424",10699.28,24563.57,46867.61,33886.24,10037.65,927.82,476.02
"10521",3829555.19,2369815.46,3639333.36,2536600.26,2267407.63,1907317.29,2347027.54
"10725",18186.46,4789.83,7154.20,15923.25,6776.94,20225.75,2985.10
"8030",14300.86,9371.74,19915.44,9427.41,7940.15,10877.37,3958.45
"8408",1955.61,149.77,3003.28,,,1236.08,441.62
"12427",,,,,,,98.26
"11952",7455.34,10162.28,20796.66,16793.09,10650.16,17503.63,33463.94
"7329",40180.30,15418.83,42037.17,7818.79,40462.96,7955.62,45994.60
"11381",,,,,,47369.83,124731.51
"8012",2264.72,,1106.28,,944.92,286.19,
"10702",10049.22,11397.73,16915.81,14812.70,13874.54,759.99,
"8293",247898.77,158133.29,160148.41,166166.83,149192.75,141156.38,203138.98
"10989",6414.63,313.37,5014.11,2015.98,3405.21,3913.20,2294.47
"7220",23983.37,300.45,6806.88,,,,
"10334",8626.58,625.60,1155.39,146.47,114.37,135.77,289.56
"12367",,,,,,,723.16
"12247",,,,,7850.36,62430.22,80522.84
"10227",,,578.41,,,,
"11982",1923.48,9599.60,72253.96,24027.86,24169.24,21729.88,64397.68
"12387",,,,,,,23812.07
"12177",,,,,4432.71,5009.55,4375.59
"11458",16271.92,907.03,4382.98,5352.64,175.31,776.03,10391.61
"0480",46340.46,23834.64,28798.20,24304.29,21592.73,16161.17,21038.89
"7405",21964.13,2913.59,1524.91,5708.26,8716.73,6102.71,27823.13
"12176",,,718.37,3510.94,1404.74,602.62,2633.54
"10016",8594.37,4944.71,7101.08,6775.33,6791.54,1233.76,14436.85
"11655",,1380.15,46027.18,42386.73,25948.02,25170.42,28119.41
"7525",5546.26,7379.76,12246.92,12357.08,23659.84,48151.67,14076.72
"7195",5159.52,525.48,378.13,610.51,334.45,2989.54,332.56
"11651",37403.91,16593.64,42104.08,24584.00,33852.22,19670.60,33466.31
"11144",7173.41,2786.50,3996.19,15134.34,2927.08,4491.47,1664.03
"7298",27914.18,14802.84,24102.61,20651.62,22995.94,9526.62,17283.42
"11990",,,10416.49,20063.92,610.16,633.65,12531.55
"12162",,,803.76,10343.88,1518.27,1194.98,7269.01
"7531",9983.74,11938.72,7067.98,12835.31,5342.99,6707.44,9132.77
"11971",,243.42,743.93,352.77,1044.58,1143.74,
"11071",9032.30,1940.74,9983.86,7332.89,7194.71,5823.00,9561.92
"12066",,,26412.47,17271.31,14893.27,16050.56,15549.25
"7311",41865.23,13566.95,25295.36,23105.35,11659.41,19096.22,28202.78
"11309",28452.21,15573.99,42028.20,24796.78,25963.93,23346.48,70647.37
"7458",5677.58,298.76,7504.79,6695.89,8451.82,12471.37,8372.42
"10739",32.94,266.47,,132.52,72.97,100.36,491.63
"11147",59267.60,34878.56,49982.36,53511.85,37205.03,32031.45,55626.78
"11915",,850.07,23446.92,10810.51,8801.82,5605.96,11660.79
"8371",4119.94,763.97,2213.61,3774.79,5346.70,928.28,1555.21
"12374",,,,,,1582.16,49142.37
"10211",17953.45,26794.04,24300.74,11562.57,8368.45,7692.61,31127.44
"7751",252859.82,130695.31,210016.51,148077.71,126671.45,107402.72,144396.75
"11883",,192.57,1982.14,2907.60,790.18,712.02,272.01
"11922",6693.28,5107.16,2878.21,7849.94,3739.34,2396.98,7195.38
"0777",,215.84,549.81,1065.51,274.38,668.19,
"8023",2083.75,91.47,320.88,164.91,343.15,579.85,365.06
"12357",,,,,,1034.49,
"11510",,,1092.33,2887.65,131.47,129.13,438.82
"10306",7891.20,5731.10,1383.48,2311.42,1358.71,1492.21,2320.30
"12019",,,13506.27,53472.09,5357.44,127404.10,185671.98
"12395",,,,,,,9006.10
"11867",25952.21,25855.88,4243.80,6245.34,2065.39,3241.44,3085.71
"11469",,,134.39,170.78,294.89,,
"10147",65649.91,27253.25,83525.97,29656.68,15987.98,13475.90,21464.11
"7462",1075.60,198.46,99.04,807.67,3111.82,,
"12167",,,,12460.20,1751.86,3716.42,4711.90
"11631",54211.97,18746.31,34557.44,46080.54,26818.31,28789.07,21058.99
"8262",,,2507.24,5437.04,155.51,558.95,521.62
"7142",79.87,,,,,,468.24
"10838",699.28,112.05,257.26,125.77,,135.70,
"7229",26714.91,30568.65,16414.92,6944.27,4545.57,5867.21,8867.45
"7560.01",2639304.82,1269278.66,2098678.98,1679095.34,1526817.68,1531356.46,2458060.71
"12189",,,,5151.70,1284.37,3137.89,2423.89
"10999",16595.73,17303.07,12088.89,8853.73,6774.80,16587.22,13696.77
"12113",,,24499.19,35328.10,28470.21,40548.07,39448.75
"12401",,,,,,,846.12
"11298",5135.25,22381.27,47983.79,31352.88,43260.59,44112.98,84971.51
"11666",141.05,517.98,574.53,1567.20,797.36,416.74,1521.48
"7001",102565.50,50982.84,124492.89,79980.70,87229.20,76969.97,108097.19
"7590",34251.24,13588.35,20687.59,17648.35,14823.71,11897.24,19326.85
"11014",16236.90,34007.54,19570.03,15731.09,18181.75,13344.87,48726.65
"10606",23065.43,20232.32,22535.99,23132.91,13549.94,13208.72,25113.19
"0113",17278.88,11430.47,25715.76,20090.23,13619.16,24592.39,6662.91
"7118",,,,,,,1509.23
"12353",,,,,,7972.80,31307.65
"11107",51.68,,,95.12,,,
"11931",,13194.60,7023.93,5241.16,12643.68,5989.23,15076.67
"11572",20536.89,10384.19,15200.32,11717.79,11453.65,20459.97,11818.35
"10869",5775.02,1459.29,4068.65,13973.85,857.57,849.33,571.80
"10854",24672.90,20777.13,71285.55,19097.82,13257.65,5178.95,4404.52
"7364",56781.11,22161.43,59688.12,48607.39,59814.04,33899.52,43170.51
"12333",,,,,,861.28,4370.24
"7613",252971.42,211875.02,242941.13,225379.56,186868.63,173735.29,208147.77
"10591",45209.13,20261.21,40116.87,39356.51,34017.72,29082.40,52454.49
"12215",,,,,,2781.87,944.85
"11155",10902.18,9269.30,8536.85,8457.35,11549.63,4909.90,13070.77
"11311",7385.58,7438.25,15474.21,4345.21,3167.67,2934.99,5672.82
"11741",116.46,,130.06,160.83,,95.57,2655.90
"0726",2865.93,2028.95,3842.43,6123.89,3478.32,10826.50,2584.08
"12056",,2926.87,111200.04,96301.59,71859.37,46555.97,87039.80
"11937",267.35,351.91,449.25,,463.69,,1172.50
"12354",,,,,,2747.10,
"10720",37143.70,29927.00,36820.77,31300.58,40568.03,33445.80,50573.37
"12383",,,,,,666.59,1693.90
"10696",40318.64,27702.86,38002.82,31782.47,43814.74,31864.69,22336.05
"8073",20818.44,10850.01,19650.19,8889.24,15467.08,25723.56,23116.48
"10926",1838.93,8808.25,13216.89,11005.34,4166.43,29386.56,13083.83
"7906",17733.25,10148.09,19939.45,8059.07,21613.04,9044.24,20925.35
"11425.01",,3522.78,27952.02,34765.91,14469.35,6263.88,15520.58
"7516",74035.24,77815.66,82507.76,57586.34,72799.48,66739.19,95991.03
"12018",,2868.10,8505.74,9003.75,4130.39,6256.33,9335.06
"10173",967678.44,633591.81,1055639.65,484318.74,383073.51,259140.81,347877.77
"11923",1731.70,410.81,,,,,
"8365",3122.05,14708.84,3662.72,1667.11,5055.64,1732.19,3732.51
"12003",,1106.91,8150.74,,,,2394.79
"7266",30963.41,13944.23,53362.56,31729.22,19074.41,33191.78,23022.10
"7325",59570.39,56102.12,52897.04,27005.37,32114.01,30996.71,32365.58
