"cod_master","produzido","frequencia","faixa"
"",164.91,1,sem_faixa
"0002",381.95,2,sem_faixa
"0049",954.40,5,sem_faixa
"0056",59010.54,221,faixa_2
"0063",15356.58,61,faixa_1
"0111",5701.50,18,sem_faixa
"0113",3152.30,7,sem_faixa
"0119",271.16,1,sem_faixa
"0120",144.06,1,sem_faixa
"0122",4378.38,17,sem_faixa
"0140",481.86,3,sem_faixa
"0145",2672.48,5,sem_faixa
"0152",743.69,2,sem_faixa
"0158",8814.82,29,sem_faixa
"0221",2910.87,13,sem_faixa
"0231",6499.36,28,sem_faixa
"0248",4751.75,19,sem_faixa
"0258",15985.49,40,faixa_1
"0307",178.49,1,sem_faixa
"0308",2290.06,1,sem_faixa
"0328",1366.89,5,sem_faixa
"0328.01",4309.99,15,sem_faixa
"0343",408.12,1,sem_faixa
"0353",10311.29,3,faixa_1
"0367",100.69,1,sem_faixa
"0374",236.08,1,sem_faixa
"0396",2441.38,2,sem_faixa
"0413",14711.43,55,faixa_1
"0434",451.46,4,sem_faixa
"0446",4149.72,15,sem_faixa
"0448",13430.79,63,faixa_1
"0451",6551.98,1,sem_faixa
"0452",198.88,1,sem_faixa
"0457",2451.73,16,sem_faixa
"0473",171.40,1,sem_faixa
"0480",8672.34,48,sem_faixa
"0488",936.91,8,sem_faixa
"0492",8073.06,15,sem_faixa
"0496",157.64,1,sem_faixa
"0520",1542.10,3,sem_faixa
"0522",634.89,2,sem_faixa
"0530",19919.97,91,faixa_1
"0545",5169.27,25,sem_faixa
"0547",470.53,3,sem_faixa
"0555",172.43,1,sem_faixa
"0562",213.29,1,sem_faixa
"0589",2254.14,4,sem_faixa
"0606",12505.55,46,faixa_1
"0613",228.23,1,sem_faixa
"0620",19365.49,79,faixa_1
"0653",106500.39,154,faixa_2
"0681",2032.90,5,sem_faixa
"0725",685.65,3,sem_faixa
"0726",1175.47,4,sem_faixa
"0731",1746.20,9,sem_faixa
"0750",1422.98,5,sem_faixa
"0760",1231.82,2,sem_faixa
"0762",383.66,1,sem_faixa
"0763",1059.11,4,sem_faixa
"0805",1518.99,11,sem_faixa
"0876",1208.92,8,sem_faixa
"0920",36176.26,106,faixa_2
"0924",10377.21,26,faixa_1
"0925",4757.74,23,sem_faixa
"0932",43844.79,202,faixa_2
"0940",1056.76,4,sem_faixa
"0943",10935.40,2,faixa_1
"0951",571.11,2,sem_faixa
"0967",9133.51,50,sem_faixa
"0984",72.68,1,sem_faixa
"0988",358.96,2,sem_faixa
"10000",1562.25,1,sem_faixa
"10002",36165.93,159,faixa_2
"10005",486.77,4,sem_faixa
"10016",850.46,5,sem_faixa
"10019",4594.51,28,sem_faixa
"10031",2441.02,10,sem_faixa
"10037",12297.70,107,faixa_1
"10045",4317.47,23,sem_faixa
"10046",23676.87,179,faixa_2
"10047",4247.85,5,sem_faixa
"10051",1417.69,8,sem_faixa
"10059",2976.52,18,sem_faixa
"10061",13790.29,83,faixa_1
"10073",34230.10,217,faixa_2
"10074",8395.40,35,sem_faixa
"10082",7692.74,34,sem_faixa
"10091",340.66,1,sem_faixa
"10099",3290.37,15,sem_faixa
"1010",2685.10,15,sem_faixa
"10103",9119.29,1,sem_faixa
"10104",11920.72,42,faixa_1
"10105",4316.71,14,sem_faixa
"10106",25326.87,80,faixa_2
"10108",2546.76,7,sem_faixa
"10110",5235.37,19,sem_faixa
"10113",2680.69,9,sem_faixa
"10114",4877.99,5,sem_faixa
"10121",2104.22,7,sem_faixa
"10125",861.13,8,sem_faixa
"10130",5207.16,36,sem_faixa
"10133",540.08,4,sem_faixa
"10134",21222.65,90,faixa_1
"10138",2066.21,5,sem_faixa
"10139",1481766.98,8610,faixa_1
"1014",3114.25,21,sem_faixa
"10140",1361.75,7,sem_faixa
"10147",8377.00,29,sem_faixa
"10156",7083.72,12,sem_faixa
"10157",237.90,2,sem_faixa
"10158",177581.95,1234,faixa_3
"10161",29556.07,96,faixa_2
"10167",181623.74,1348,faixa_3
"10171",10594.43,61,faixa_1
"10173",91701.45,260,faixa_2
"10174",14796.58,74,faixa_1
"10180",2732.97,22,sem_faixa
"10181",6029.30,21,sem_faixa
"10184",25824.19,95,faixa_2
"10185",779.68,4,sem_faixa
"10188",138.51,1,sem_faixa
"10200",800.72,6,sem_faixa
"10211",4410.97,14,sem_faixa
"10212",338.10,3,sem_faixa
"10219",454188.61,3022,faixa_3
"10233",9053.27,55,sem_faixa
"10235",3999.89,18,sem_faixa
"10236",3350.47,9,sem_faixa
"10249",606.82,2,sem_faixa
"10253",456292.82,2150,faixa_3
"1026",957.91,4,sem_faixa
"10263",14115.84,84,faixa_1
"10264",3933.42,22,sem_faixa
"10272",3652.45,12,sem_faixa
"10277",652.60,4,sem_faixa
"10280",10241.14,53,faixa_1
"10281",6270.61,5,sem_faixa
"10282",3118.68,15,sem_faixa
"10293",5555.37,4,sem_faixa
"10296",3621.52,6,sem_faixa
"10299",1594.11,16,sem_faixa
"10301",8147.08,31,sem_faixa
"10306",128.41,1,sem_faixa
"10309",4689.64,34,sem_faixa
"10313",9485.04,50,sem_faixa
"10315",293.80,1,sem_faixa
"10317",1227.28,8,sem_faixa
"10321",279634.32,1479,faixa_3
"10330",570.24,4,sem_faixa
"10332",50229.85,289,faixa_2
"10334",110.07,1,sem_faixa
"10336",4510.56,31,sem_faixa
"10339",6019.74,37,sem_faixa
"10341",1072.87,9,sem_faixa
"10353",198427.69,1094,faixa_3
"10354",427.66,2,sem_faixa
"10358",5403.10,20,sem_faixa
"1037",8916.03,17,sem_faixa
"10371",4824.09,38,sem_faixa
"10375",201842.39,916,faixa_3
"10380",17639.93,56,faixa_1
"1039",194.37,2,sem_faixa
"10390",707.63,2,sem_faixa
"10395",1179.25,8,sem_faixa
"10396",1254.25,7,sem_faixa
"10398",11455.62,45,faixa_1
"10403",333.87,2,sem_faixa
"10406",21108.58,36,faixa_1
"10407",3671.21,18,sem_faixa
"10408",46448.98,196,faixa_2
"10421",684.16,3,sem_faixa
"10426",24572.52,54,faixa_2
"10429",8828.51,33,sem_faixa
"10430",2077.53,11,sem_faixa
"10431",7283.43,45,sem_faixa
"10439",1293.01,7,sem_faixa
"10442",108432.69,425,faixa_2
"10445",23979.58,52,faixa_2
"10448",19739.27,62,faixa_1
"10462",3873.99,8,sem_faixa
"10468",1207.94,8,sem_faixa
"10484",8090.17,31,sem_faixa
"10488",9304.72,6,sem_faixa
"10492",468.51,4,sem_faixa
"10494",7552.37,24,sem_faixa
"10497",112.08,1,sem_faixa
"10517",13976.30,39,faixa_1
"10521",909562.06,5224,faixa_1
"1053",34614.56,221,faixa_2
"10530",9567.65,26,sem_faixa
"10539",445.60,4,sem_faixa
"10548",15813.11,79,faixa_1
"10551",529.23,4,sem_faixa
"10553",362.45,2,sem_faixa
"10558",11981.84,33,faixa_1
"10564",11785.58,7,faixa_1
"10566",80.25,1,sem_faixa
"1057",14356.99,73,faixa_1
"10584",118.12,1,sem_faixa
"10591",24071.73,118,faixa_2
"10593",289.91,1,sem_faixa
"10606",10382.52,46,faixa_1
"10608",28504.02,137,faixa_2
"10614",39343.47,197,faixa_2
"10622",21545.79,110,faixa_1
"10636",27505.06,80,faixa_2
"10637",115327.15,497,faixa_2
"10648",97762.57,543,faixa_2
"10649",131.84,1,sem_faixa
"10656",478.71,2,sem_faixa
"10657",3040.13,15,sem_faixa
"10659",834.84,5,sem_faixa
"10662",9657.21,58,sem_faixa
"10672",2838.33,13,sem_faixa
"10673",22854.15,5,faixa_1
"10676",73443.66,356,faixa_2
"10678",1157.08,3,sem_faixa
"10679",10400.60,47,faixa_1
"10690",1758.17,10,sem_faixa
"10693",23345.01,87,faixa_2
"10694",56.07,2,sem_faixa
"10696",3673.08,24,sem_faixa
"10698",12353.85,35,faixa_1
"10699",5594.89,44,sem_faixa
"10709",427.11,4,sem_faixa
"10713",588.05,1,sem_faixa
"10714a",8772.11,39,sem_faixa
"10720",19300.06,113,faixa_1
"10723",9629.99,31,sem_faixa
"10724",10975.86,37,faixa_1
"10725",117.80,1,sem_faixa
"10726",5500.35,12,sem_faixa
"10730",1403.10,3,sem_faixa
"10735",176.73,1,sem_faixa
"10739",491.63,1,sem_faixa
"10741",1475.85,12,sem_faixa
"10745",7995.92,49,sem_faixa
"10748",220.35,2,sem_faixa
"10751",7071.41,17,sem_faixa
"10755",32453.93,79,faixa_2
"10756",10388.54,40,faixa_1
"10758",5813.39,40,sem_faixa
"10761",811.32,4,sem_faixa
"10765",64221.75,346,faixa_2
"10766",5518.33,27,sem_faixa
"10770",4578.26,16,sem_faixa
"10776",6388.08,16,sem_faixa
"10783",1467.91,8,sem_faixa
"10784",2253.08,10,sem_faixa
"10786",1310.94,7,sem_faixa
"10791",14076.48,56,faixa_1
"10795",67461.58,411,faixa_2
"10803",19315.36,82,faixa_1
"10807",27604.68,98,faixa_2
"10809",5604.66,11,sem_faixa
"10812",2397.51,8,sem_faixa
"10813",3156.43,1,sem_faixa
"10816",1488.64,9,sem_faixa
"10821",31112.87,22,faixa_2
"10824",15226.54,97,faixa_1
"10834",12615.84,132,faixa_1
"10836",6923.92,7,sem_faixa
"10839",511.79,3,sem_faixa
"10843",13943.50,44,faixa_1
"10846",1952.10,3,sem_faixa
"10848",123.58,1,sem_faixa
"10850",4740.87,29,sem_faixa
"10854",1721.21,11,sem_faixa
"10855",4992.55,36,sem_faixa
"10857",9900.89,76,sem_faixa
"10860",16630.01,100,faixa_1
"10863",3053.54,5,sem_faixa
"10866",2851.34,11,sem_faixa
"10867",7005.49,44,sem_faixa
"10869",335.49,2,sem_faixa
"10872",1386.22,9,sem_faixa
"10873",279.27,2,sem_faixa
"10893",792.08,4,sem_faixa
"10903",9922.68,51,sem_faixa
"10906",779.38,2,sem_faixa
"10910",115.50,1,sem_faixa
"10917",8647.53,31,sem_faixa
"10919",10003.46,18,faixa_1
"10922",22545.71,230,faixa_1
"10926",2996.20,6,sem_faixa
"10929",47446.40,73,faixa_2
"10939",4665.96,33,sem_faixa
"10942",59310.74,27,faixa_2
"10944",2220.44,14,sem_faixa
"10945",91121.29,351,faixa_2
"10946",2349.34,16,sem_faixa
"10947",6684.76,5,sem_faixa
"10948",904.20,3,sem_faixa
"10953",5984.82,34,sem_faixa
"10954",4048.82,8,sem_faixa
"10958",6590.14,55,sem_faixa
"10959",28865.65,130,faixa_2
"10966",449.73,2,sem_faixa
"10967",55.14,1,sem_faixa
"10968",1434.77,8,sem_faixa
"10970",975.96,4,sem_faixa
"10973",2023.16,18,sem_faixa
"10979",17979.16,20,faixa_1
"10985",83421.75,472,faixa_2
"10986",19293.06,35,faixa_1
"10989",100.07,1,sem_faixa
"10991",2731.29,16,sem_faixa
"10999",2223.87,16,sem_faixa
"11006",11520.89,86,faixa_1
"11008",231.63,1,sem_faixa
"11010",11115.51,64,faixa_1
"11013",26243.82,145,faixa_2
"11014",2855.38,13,sem_faixa
"11016",12471.72,60,faixa_1
"11018",2431.84,15,sem_faixa
"11019",5987.55,11,sem_faixa
"11020",989.46,8,sem_faixa
"11022",13441.97,68,faixa_1
"11023",1233.59,2,sem_faixa
"11024",157.55,1,sem_faixa
"11025",255.09,2,sem_faixa
"11026",3493.63,18,sem_faixa
"11030",1147.51,9,sem_faixa
"11035",3804.95,12,sem_faixa
"11048",5365.64,32,sem_faixa
"11052",1303.71,2,sem_faixa
"11058",6912.43,27,sem_faixa
"11059",352560.46,2243,faixa_3
"11061",154.63,1,sem_faixa
"11071",8296.47,37,sem_faixa
"11072",1483.20,4,sem_faixa
"11073",30707.37,59,faixa_2
"11080",1037.91,7,sem_faixa
"11091",100132.08,568,faixa_2
"11093",15304.01,30,faixa_1
"11094",4863.51,26,sem_faixa
"11095",17105.60,100,faixa_1
"11101",1169.10,7,sem_faixa
"11104",5773.09,38,sem_faixa
"11106",357.54,1,sem_faixa
"11109",858.02,6,sem_faixa
"11125",735.16,4,sem_faixa
"11127",60297.03,282,faixa_2
"11131",1349.59,1,sem_faixa
"11136",378.99,3,sem_faixa
"11144",503.60,2,sem_faixa
"11146",2433.94,17,sem_faixa
"11147",17905.80,99,faixa_1
"11155",6780.36,31,sem_faixa
"11158",1086.30,7,sem_faixa
"11159",8870.13,53,sem_faixa
"11162",183.84,1,sem_faixa
"11173",4871.47,16,sem_faixa
"11176",12708.04,61,faixa_1
"11179",2835.61,16,sem_faixa
"11182",26897.40,142,faixa_2
"11183",15205.38,47,faixa_1
"11184",452.80,3,sem_faixa
"11187",489.92,4,sem_faixa
"11188",111.86,1,sem_faixa
"11191",5220.56,22,sem_faixa
"11192",13903.57,89,faixa_1
"11193",3157.44,11,sem_faixa
"11194",301.43,2,sem_faixa
"11197",4256.13,25,sem_faixa
"11198",547.27,3,sem_faixa
"11200",676.47,6,sem_faixa
"11202",6259.60,16,sem_faixa
"11203",6187.11,9,sem_faixa
"11211",1031.87,6,sem_faixa
"11217",73197.13,418,faixa_2
"11218",8336.14,24,sem_faixa
"11230",17993.21,84,faixa_1
"11233",671.88,4,sem_faixa
"11238",2615.47,5,sem_faixa
"11240",358.02,2,sem_faixa
"11243",1880.72,6,sem_faixa
"11249",5937.45,16,sem_faixa
"11251",38.60,1,sem_faixa
"11255",42336.99,204,faixa_2
"11257",2625.38,23,sem_faixa
"11259",7140.00,25,sem_faixa
"11260",264.87,1,sem_faixa
"11272",572.79,4,sem_faixa
"11273",8859.26,30,sem_faixa
"11275",10036.85,64,faixa_1
"11276",2366.38,12,sem_faixa
"11277",2303.58,12,sem_faixa
"11278",10600.83,62,faixa_1
"11282",16212.96,97,faixa_1
"11285",9906.01,31,sem_faixa
"11288",912.57,7,sem_faixa
"11290",15445.31,73,faixa_1
"11292",14866.43,68,faixa_1
"11294",1395.12,5,sem_faixa
"11295",142.24,1,sem_faixa
"11297",528.62,3,sem_faixa
"11298",34400.86,202,faixa_2
"11299",58871.84,191,faixa_2
"11300",2003.37,2,sem_faixa
"11301",3822.59,14,sem_faixa
"11302",23133.43,93,faixa_2
"11305",1292.36,6,sem_faixa
"11306",8088.81,24,sem_faixa
"11309",19454.50,27,faixa_1
"11311",3843.01,8,sem_faixa
"11312",23930.09,136,faixa_2
"11315",733.29,5,sem_faixa
"11322",20432.84,24,faixa_1
"11325",59000.71,237,faixa_2
"11329",153.08,1,sem_faixa
"11330",9846.08,26,sem_faixa
"11335",10640.68,73,faixa_1
"11337",2280.18,11,sem_faixa
"11341",141334.47,808,faixa_3
"11343",113.71,1,sem_faixa
"11346",11373.23,38,faixa_1
"11347",1543.60,2,sem_faixa
"11349",4031.41,20,sem_faixa
"11353",126.65,2,sem_faixa
"11354",937.51,2,sem_faixa
"11357",204510.18,1089,faixa_3
"11360",15216.42,60,faixa_1
"11365",401.05,2,sem_faixa
"11366",385.50,2,sem_faixa
"11368",425.56,4,sem_faixa
"11369",148315.58,674,faixa_3
"11374",551.57,3,sem_faixa
"11376",16990.38,21,faixa_1
"11377",1801.64,6,sem_faixa
"11381",47118.54,198,faixa_2
"11384",25905.29,91,faixa_2
"11386",7565.70,12,sem_faixa
"11388",1452.34,7,sem_faixa
"11390",3763.41,15,sem_faixa
"11391",3164.70,8,sem_faixa
"11392",117789.37,740,faixa_2
"11395",26.82,1,sem_faixa
"11396",321.77,2,sem_faixa
"11404",834.84,4,sem_faixa
"11407",73152.26,206,faixa_2
"11408",33254.61,168,faixa_2
"11410",15771.07,25,faixa_1
"11411",1727.11,10,sem_faixa
"11412",15881.93,85,faixa_1
"11414",1937.76,13,sem_faixa
"11415",570.78,4,sem_faixa
"11416",4658.37,21,sem_faixa
"11418",2327.32,3,sem_faixa
"11422",12007.53,20,faixa_1
"11425",36615.13,65,faixa_2
"11425.01",6234.40,32,sem_faixa
"11426",476.55,2,sem_faixa
"11428",12242.64,27,faixa_1
"11430",28913.71,203,faixa_2
"11432",6574.12,23,sem_faixa
"11433",82712.72,457,faixa_2
"11434",478.65,5,sem_faixa
"11439",247.69,2,sem_faixa
"11449",4647.19,16,sem_faixa
"11452",651.93,3,sem_faixa
"11457",8981.34,49,sem_faixa
"11458",4167.61,2,sem_faixa
"11459",801.08,3,sem_faixa
"11462",4833.88,28,sem_faixa
"11485",2606.19,16,sem_faixa
"11488",1735.55,9,sem_faixa
"11506",5707.93,33,sem_faixa
"11507",539.00,1,sem_faixa
"11510",438.82,2,sem_faixa
"11514",2433.66,12,sem_faixa
"11518",35609.69,200,faixa_2
"11524",3907.26,25,sem_faixa
"11533",6875.75,48,sem_faixa
"11536",100.52,1,sem_faixa
"11542",4544.68,6,sem_faixa
"11555",5025.93,19,sem_faixa
"11564",2415.34,10,sem_faixa
"11566",8153.54,91,sem_faixa
"11567",14753.42,49,faixa_1
"11572",1541.29,6,sem_faixa
"11581",49680.87,257,faixa_2
"11586",324.17,1,sem_faixa
"11613",2237.91,10,sem_faixa
"11621",920.63,4,sem_faixa
"11623",18089.45,42,faixa_1
"11627",1803.57,6,sem_faixa
"11631",9846.43,37,sem_faixa
"11632",2925.48,20,sem_faixa
"11634",2420.84,8,sem_faixa
"11641",125.49,1,sem_faixa
"11643",366.92,3,sem_faixa
"11645",724.38,1,sem_faixa
"11651",11891.40,41,faixa_1
"11655",8021.45,55,sem_faixa
"11675",1561.20,7,sem_faixa
"11679",13367.19,47,faixa_1
"11684",470.18,3,sem_faixa
"11685",9536.40,19,sem_faixa
"11690",1773.77,18,sem_faixa
"11694",2132.31,10,sem_faixa
"11699",16650.59,107,faixa_1
"11700",2351.69,11,sem_faixa
"11704",256.14,1,sem_faixa
"11705",27525.44,190,faixa_2
"11707",840.76,1,sem_faixa
"11708",30331.26,104,faixa_2
"11716",10980.77,7,faixa_1
"11717",10288.63,32,faixa_1
"11719",335.63,2,sem_faixa
"11722",178555.34,818,faixa_3
"11727",2241.50,12,sem_faixa
"11728",2410.52,9,sem_faixa
"11729",53153.32,197,faixa_2
"11733",6781.11,10,sem_faixa
"11735",26662.20,125,faixa_2
"11740",10228.23,58,faixa_1
"11742",5079.27,25,sem_faixa
"11747",146117.26,910,faixa_3
"11749",13214.69,71,faixa_1
"11759",2660.55,5,sem_faixa
"11765",265669.86,1612,faixa_3
"11776",150993.19,734,faixa_3
"11787",2166.57,18,sem_faixa
"11790",299.97,2,sem_faixa
"11795",1378.58,11,sem_faixa
"11800",1088.01,4,sem_faixa
"11805",876.26,5,sem_faixa
"11807",15018.70,59,faixa_1
"11817",195245.08,617,faixa_3
"11818",6383.03,35,sem_faixa
"11821",102.09,1,sem_faixa
"11831",354.79,2,sem_faixa
"11841",33777.36,229,faixa_2
"11846",375.54,2,sem_faixa
"11855",483.17,2,sem_faixa
"11858",20215.43,65,faixa_1
"11863",3319.16,25,sem_faixa
"11864",743991.41,5047,faixa_1
"11866",7042.32,35,sem_faixa
"11867",720.88,3,sem_faixa
"11874",630.93,2,sem_faixa
"11877",2048.55,4,sem_faixa
"11879",5230.02,40,sem_faixa
"11884",12575.02,63,faixa_1
"11889",32197.73,170,faixa_2
"11892",12540.23,44,faixa_1
"11895",1811.55,14,sem_faixa
"11902",17011.12,59,faixa_1
"11910",3005.25,20,sem_faixa
"11913",16874.28,72,faixa_1
"11914",650.95,2,sem_faixa
"11915",1925.66,4,sem_faixa
"11919",171.06,2,sem_faixa
"11922",2952.53,20,sem_faixa
"11928",8909.46,62,sem_faixa
"11931",5702.23,13,sem_faixa
"11932",9006.30,33,sem_faixa
"11933",3491.98,5,sem_faixa
"11936",4231.70,24,sem_faixa
"11938",1950.47,5,sem_faixa
"11942",143.07,1,sem_faixa
"11943",300.45,3,sem_faixa
"11948",24263.35,118,faixa_2
"11952",14153.94,26,faixa_1
"11955",11620.11,4,faixa_1
"11956",1265.47,6,sem_faixa
"11957",9216.22,29,sem_faixa
"11959",13218.57,98,faixa_1
"11960",7581.25,29,sem_faixa
"11966",218.64,2,sem_faixa
"11968",5739.61,18,sem_faixa
"11969",121.45,1,sem_faixa
"11978",1800.08,6,sem_faixa
"11982",17539.91,76,faixa_1
"11985",1497.32,11,sem_faixa
"11990",11931.32,1,faixa_1
"11992",29710.16,101,faixa_2
"11993",314.64,2,sem_faixa
"11997",1195.69,4,sem_faixa
"12014",14595.85,80,faixa_1
"12016",120.88,1,sem_faixa
"12017",123095.45,788,faixa_2
"12018",6380.69,42,sem_faixa
"12019",86689.24,607,faixa_2
"12021",1929.45,10,sem_faixa
"12022",253.24,1,sem_faixa
"12023",531.54,2,sem_faixa
"12024",13069.67,92,faixa_1
"12025",17181.24,82,faixa_1
"12026",20196.48,150,faixa_1
"12030",11556.30,18,faixa_1
"12035",7440.80,24,sem_faixa
"12038",1259.70,7,sem_faixa
"12041",1517.60,5,sem_faixa
"12042",12791.70,69,faixa_1
"12045",488.17,3,sem_faixa
"12047",27727.81,134,faixa_2
"12049",16104.50,103,faixa_1
"12050",20157.79,133,faixa_1
"12052",4970.20,11,sem_faixa
"12056",24480.69,65,faixa_2
"12060",663.05,1,sem_faixa
"12061",1117.79,8,sem_faixa
"12066",3358.49,22,sem_faixa
"12067",1246.26,8,sem_faixa
"12068",552.54,1,sem_faixa
"12069",34355.38,156,faixa_2
"12072",28434.51,74,faixa_2
"12081",1605.86,10,sem_faixa
"12087",5455.64,35,sem_faixa
"12088",16356.56,42,faixa_1
"12090",410.17,2,sem_faixa
"12093",3198.48,6,sem_faixa
"12097",1550.25,7,sem_faixa
"12098",2751.29,4,sem_faixa
"12102",5800.77,41,sem_faixa
"12103",519.35,3,sem_faixa
"12106",1020.37,7,sem_faixa
"12107",609.36,5,sem_faixa
"12109",3717.88,10,sem_faixa
"12110",2325.27,12,sem_faixa
"12112",536.28,4,sem_faixa
"12113",16544.30,58,faixa_1
"12114",18378.91,87,faixa_1
"12119",302.66,2,sem_faixa
"12121",83585.35,402,faixa_2
"12124",3384.98,16,sem_faixa
"12128",3146.86,19,sem_faixa
"12130",856.01,6,sem_faixa
"12131",721.27,4,sem_faixa
"12135",2591.38,2,sem_faixa
"12139",15730.50,64,faixa_1
"12140",1640.92,8,sem_faixa
"12142",3012.64,12,sem_faixa
"12143",28398.82,212,faixa_2
"12145",11171.39,55,faixa_1
"12149",481.27,2,sem_faixa
"12153",11758.86,51,faixa_1
"12155",204.30,1,sem_faixa
"12156",875.18,2,sem_faixa
"12162",317.53,1,sem_faixa
"12167",2320.67,9,sem_faixa
"12171",285.17,1,sem_faixa
"12172",1772.51,9,sem_faixa
"12174",19344.85,122,faixa_1
"12175",30788.16,205,faixa_2
"12176",561.79,3,sem_faixa
"12177",4101.25,27,sem_faixa
"12180",250.31,1,sem_faixa
"12181",2045.48,13,sem_faixa
"12182",2797.22,13,sem_faixa
"12186",3120.78,16,sem_faixa
"12189",518.42,1,sem_faixa
"12191",2464.12,3,sem_faixa
"12193",6388.45,41,sem_faixa
"12194",9409.80,68,sem_faixa
"12195",11061.83,58,faixa_1
"12199",25824.75,208,faixa_2
"12206",3627.53,21,sem_faixa
"12207",15746.69,23,faixa_1
"12208",7424.86,15,sem_faixa
"12221",1313.05,3,sem_faixa
"12222",5291.22,33,sem_faixa
"12224",1598.58,2,sem_faixa
"12226",5215.16,10,sem_faixa
"12227",12770.52,21,faixa_1
"12228",127.67,1,sem_faixa
"12229",19115.33,35,faixa_1
"12233",2427.70,9,sem_faixa
"12234",262.41,1,sem_faixa
"12236",5076.71,2,sem_faixa
"12238",246.03,1,sem_faixa
"12241",3226.25,14,sem_faixa
"12245",3908.01,23,sem_faixa
"12246",1897.86,7,sem_faixa
"12247",15817.70,85,faixa_1
"12248",2046.55,1,sem_faixa
"12249",688.83,6,sem_faixa
"12255",80.95,1,sem_faixa
"12258",14165.76,24,faixa_1
"12263",6487.15,41,sem_faixa
"12266",176.54,1,sem_faixa
"12270",3289.63,11,sem_faixa
"12275",7769.27,1,sem_faixa
"12276",10452.74,78,faixa_1
"12277",3662.57,6,sem_faixa
"12284",554.83,4,sem_faixa
"12286",5170.23,12,sem_faixa
"12290",20109.39,102,faixa_1
"12292",56.43,1,sem_faixa
"12294",15162.18,56,faixa_1
"12296",2960.35,11,sem_faixa
"12297",3163.94,13,sem_faixa
"12298",1344.58,2,sem_faixa
"12302",331.78,1,sem_faixa
"12304",3846.30,15,sem_faixa
"12305",67723.23,375,faixa_2
"12307",147.48,3,sem_faixa
"12312",19156.35,83,faixa_1
"12313",21034.18,13,faixa_1
"12315",12748.94,51,faixa_1
"12316",6905.01,21,sem_faixa
"12318",49698.72,171,faixa_2
"12320",9493.66,20,sem_faixa
"12321",18192.67,216,faixa_1
"12322",4176.68,16,sem_faixa
"12324",837.47,5,sem_faixa
"12325",37720.42,182,faixa_2
"12328",8007.78,11,sem_faixa
"12331",5421.49,41,sem_faixa
"12333",712.38,3,sem_faixa
"12334",5915.26,43,sem_faixa
"12337",1863.08,11,sem_faixa
"12339",9448.64,59,sem_faixa
"12340",299.54,2,sem_faixa
"12341",112.35,1,sem_faixa
"12343",2699.38,25,sem_faixa
"12348",50.02,1,sem_faixa
"12352",14156.43,62,faixa_1
"12353",13258.02,30,faixa_1
"12363",14032.40,93,faixa_1
"12368",452.48,2,sem_faixa
"12371",10815.26,39,faixa_1
"12374",12015.31,27,faixa_1
"12375",138.15,1,sem_faixa
"12379",813.05,8,sem_faixa
"12381",273.65,2,sem_faixa
"12387",10424.54,67,faixa_1
"12388",8697.12,41,sem_faixa
"12391",65269.61,187,faixa_2
"12392",4641.11,14,sem_faixa
"12393",130.27,1,sem_faixa
"12398",7129.79,1,sem_faixa
"12400",103.46,1,sem_faixa
"12401",846.12,1,sem_faixa
"12403",4622.59,26,sem_faixa
"12407",793.11,5,sem_faixa
"12408",1062.73,1,sem_faixa
"12413",19470.20,82,faixa_1
"12417",865.64,5,sem_faixa
"12420",232.56,1,sem_faixa
"12421",837.73,4,sem_faixa
"12429",694.08,3,sem_faixa
"12430",773.47,3,sem_faixa
"12432",2524.20,11,sem_faixa
"12434",2138.19,15,sem_faixa
"12436",2980.48,22,sem_faixa
"12437",9450.14,57,sem_faixa
"12440",1971.47,10,sem_faixa
"12445",1179.66,8,sem_faixa
"12446",313.77,1,sem_faixa
"12452",160.11,1,sem_faixa
"7000",6142.37,36,sem_faixa
"7001",40611.75,250,faixa_2
"7004",1007.80,1,sem_faixa
"7006",5437.42,8,sem_faixa
"7012",176753.46,901,faixa_3
"7013",5955.18,19,sem_faixa
"7015",1663.61,7,sem_faixa
"7016",13417.49,63,faixa_1
"7025",8280.27,24,sem_faixa
"7032",122368.24,558,faixa_2
"7059",2882.21,16,sem_faixa
"7111",43457.54,142,faixa_2
"7118",1509.23,1,sem_faixa
"7129",2326.25,13,sem_faixa
"7130",6599.66,44,sem_faixa
"7161",276.28,2,sem_faixa
"7186",199.76,1,sem_faixa
"7193",562.90,2,sem_faixa
"7195",121.99,1,sem_faixa
"7203",250.17,1,sem_faixa
"7213",2742.62,1,sem_faixa
"7229",4186.70,23,sem_faixa
"7253",270.91,2,sem_faixa
"7262",21025.87,115,faixa_1
"7263",408.65,3,sem_faixa
"7266",10104.15,49,faixa_1
"7277",768.26,1,sem_faixa
"7280",176.09,2,sem_faixa
"7290",5134.64,29,sem_faixa
"7298",6933.01,20,sem_faixa
"7302",45019.49,204,faixa_2
"7306",7484.26,46,sem_faixa
"7308",29619.73,108,faixa_2
"7309",8233.56,11,sem_faixa
"7310",7710.90,40,sem_faixa
"7311",3633.43,13,sem_faixa
"7313",36500.43,146,faixa_2
"7317",1539.37,9,sem_faixa
"7319",4191.95,15,sem_faixa
"7325",7582.60,8,sem_faixa
"7326",941.48,3,sem_faixa
"7327",1434.19,2,sem_faixa
"7329",8578.98,1,sem_faixa
"7333",163466.38,1226,faixa_3
"7335",2944.48,28,sem_faixa
"7337",4553.77,14,sem_faixa
"7347",847.80,3,sem_faixa
"7349",308.39,3,sem_faixa
"7357",15188.53,64,faixa_1
"7362",8293.61,27,sem_faixa
"7364",15397.29,86,faixa_1
"7367",1721.77,25,sem_faixa
"7373",6443.28,38,sem_faixa
"7389",5422.21,14,sem_faixa
"7394",1085.17,2,sem_faixa
"7398",2916.38,9,sem_faixa
"7400",820.04,1,sem_faixa
"7405",12854.77,59,faixa_1
"7413",4095.46,8,sem_faixa
"7422",1256.33,7,sem_faixa
"7424",47.89,1,sem_faixa
"7428",553.39,4,sem_faixa
"7436",4243.37,15,sem_faixa
"7439",4910.23,25,sem_faixa
"7449",5506.88,7,sem_faixa
"7452",3524.48,10,sem_faixa
"7453",1676.30,6,sem_faixa
"7455",2599.89,10,sem_faixa
"7458",282.56,1,sem_faixa
"7481",58973.37,266,faixa_2
"7484",132763.75,713,faixa_3
"7485",393.88,2,sem_faixa
"7490",42254.35,256,faixa_2
"7507",4354.76,31,sem_faixa
"7508",5412.21,18,sem_faixa
"7516",36704.31,231,faixa_2
"7520",101322.70,639,faixa_2
"7521",1382.82,3,sem_faixa
"7525",2285.70,12,sem_faixa
"7528",132.00,1,sem_faixa
"7529",15636.30,71,faixa_1
"7531",1773.65,7,sem_faixa
"7543",561.32,4,sem_faixa
"7544",11446.27,157,faixa_1
"7545",2607.17,14,sem_faixa
"7547",490.62,1,sem_faixa
"7559",14887.34,44,faixa_1
"7560",424716.22,2674,faixa_3
"7560.01",986839.40,5673,faixa_1
"7568",745.94,2,sem_faixa
"7569",4777.44,9,sem_faixa
"7570",96.14,1,sem_faixa
"7574",2760.21,14,sem_faixa
"7575",311541.70,1891,faixa_3
"7588",68284.77,267,faixa_2
"7590",2682.44,17,sem_faixa
"7596",1082.53,5,sem_faixa
"7597",21835.22,72,faixa_1
"7599",1198.01,8,sem_faixa
"7603",6748.18,50,sem_faixa
"7605",5612.21,42,sem_faixa
"7608",1788.17,1,sem_faixa
"7613",60630.41,266,faixa_2
"7618",140.63,1,sem_faixa
"7619",134.29,1,sem_faixa
"7621",5958.39,21,sem_faixa
"7625",2989.23,8,sem_faixa
"7626",2335.97,7,sem_faixa
"7628",286.36,2,sem_faixa
"7632",9318.10,46,sem_faixa
"7636",3136.64,18,sem_faixa
"7637",383.92,1,sem_faixa
"7641",1133.85,3,sem_faixa
"7656",2384.01,18,sem_faixa
"7663",25720.35,50,faixa_2
"7669",2093.86,13,sem_faixa
"7672",896.80,3,sem_faixa
"7695",10827.16,36,faixa_1
"7699",3027.04,19,sem_faixa
"7704",7680.41,38,sem_faixa
"7708",1504.20,7,sem_faixa
"7709",511.18,2,sem_faixa
"7716",327.00,2,sem_faixa
"7717",3089.13,11,sem_faixa
"7718",3134158.88,19849,faixa_1
"7723",1467.03,10,sem_faixa
"7726",2431.94,16,sem_faixa
"7733",14043.83,34,faixa_1
"7738",463.01,4,sem_faixa
"7739",22329.40,104,faixa_1
"7747",253.73,1,sem_faixa
"7749",2189.08,11,sem_faixa
"7750",4118.17,29,sem_faixa
"7751",43308.70,297,faixa_2
"7752",16140.68,66,faixa_1
"7755",1704.07,5,sem_faixa
"7760",392060.14,2312,faixa_3
"7761",2165.82,6,sem_faixa
"7762",13465.53,11,faixa_1
"7767",6272.00,23,sem_faixa
"7778",1956.39,12,sem_faixa
"7779",6842.37,6,sem_faixa
"7788",4634.93,17,sem_faixa
"7794",139.78,1,sem_faixa
"7797",14183.57,63,faixa_1
"7813",1506.04,3,sem_faixa
"7814",92.25,1,sem_faixa
"7820",6099.23,9,sem_faixa
"7826",2005.90,3,sem_faixa
"7827",33968.02,185,faixa_2
"7829",279.59,2,sem_faixa
"7831",524.90,6,sem_faixa
"7839",101434.80,570,faixa_2
"7842",1207.58,10,sem_faixa
"7852",6578.62,18,sem_faixa
"7858",383.50,2,sem_faixa
"7862",16502.94,47,faixa_1
"7864",525.21,3,sem_faixa
"7873",97933.42,626,faixa_2
"7876",2199.78,12,sem_faixa
"7883",917.80,6,sem_faixa
"7885",123.27,1,sem_faixa
"7906",7546.84,33,sem_faixa
"7914",1556.68,6,sem_faixa
"7923",849.29,3,sem_faixa
"7925",14898.37,94,faixa_1
"7929",6304.72,45,sem_faixa
"7933",375.15,2,sem_faixa
"7937",175178.70,736,faixa_3
"7954",10214.53,48,faixa_1
"7956",69547.19,260,faixa_2
"7963",405.56,3,sem_faixa
"7967",6220.94,47,sem_faixa
"7968",1617.29,8,sem_faixa
"7975",127.18,2,sem_faixa
"7995",9281.49,43,sem_faixa
"7998",26765.63,1,faixa_2
"8000",1414.96,5,sem_faixa
"8003",2584.43,14,sem_faixa
"8015",6954.98,28,sem_faixa
"8016",81410.42,338,faixa_2
"8019",12205.91,46,faixa_1
"8023",105.62,1,sem_faixa
"8024",22974.51,86,faixa_1
"8026",15634.18,98,faixa_1
"8027",1083.54,10,sem_faixa
"8030",2021.58,5,sem_faixa
"8033",5804.55,6,sem_faixa
"8034",5487.84,30,sem_faixa
"8039",422.37,5,sem_faixa
"8040",3305.61,3,sem_faixa
"8045",298193.57,1790,faixa_3
"8052",6596.41,24,sem_faixa
"8061",7997.87,65,sem_faixa
"8070",53015.95,281,faixa_2
"8073",8106.39,31,sem_faixa
"8076",97484.02,488,faixa_2
"8078",7506.66,35,sem_faixa
"8080",32373.76,167,faixa_2
"8091",293.31,2,sem_faixa
"8101",440092.50,2618,faixa_3
"8113",49823.13,302,faixa_2
"8114",6551.75,37,sem_faixa
"8117",3331.95,17,sem_faixa
"8124",1571.01,10,sem_faixa
"8127",2373.27,16,sem_faixa
"8130",4838.30,21,sem_faixa
"8136",10535.40,32,faixa_1
"8150",609.13,6,sem_faixa
"8171",12473.36,23,faixa_1
"8173",7220.25,29,sem_faixa
"8177",218.95,1,sem_faixa
"8183",260.78,2,sem_faixa
"8191",370.62,2,sem_faixa
"8198",11013.06,44,faixa_1
"8202",11397.04,53,faixa_1
"8205",787.32,7,sem_faixa
"8211",768.93,4,sem_faixa
"8218",1739.87,6,sem_faixa
"8219",996.09,6,sem_faixa
"8226",309.32,2,sem_faixa
"8235",4436.44,12,sem_faixa
"8243",9745.86,7,sem_faixa
"8246",590.67,4,sem_faixa
"8247",98.16,1,sem_faixa
"8250",1534.90,4,sem_faixa
"8263",58076.77,308,faixa_2
"8271",2833.65,17,sem_faixa
"8288",10507.03,55,faixa_1
"8293",70485.03,239,faixa_2
"8295",1170.87,1,sem_faixa
"8298",2250.90,16,sem_faixa
"8301",3293.74,18,sem_faixa
"8306",54125.08,294,faixa_2
"8312",11077.76,54,faixa_1
"8316",20364.22,138,faixa_1
"8341",609.95,3,sem_faixa
"8344",28539.91,160,faixa_2
"8345",498.71,3,sem_faixa
"8347",569.03,4,sem_faixa
"8349 ",1050.91,7,sem_faixa
"8365",742.08,1,sem_faixa
"8366",8626.24,59,sem_faixa
"8370",109324.13,262,faixa_2
"8371",1318.09,5,sem_faixa
"8373",480.24,3,sem_faixa
"8383",22289.10,65,faixa_1
"8420",34020.09,221,faixa_2
"9001",364.68,4,sem_faixa
