"cod_master","jan_prod","jan_freq","fev_prod","fev_freq","mar_prod","mar_freq","abr_prod","abr_freq","mai_prod","mai_freq","jun_prod","jul_freq","jul_prod"
"",188.20,1,,0,,0,,0,,0,,0,164.91
"00001",,0,,0,,0,112.98,1,,0,,0,
"0002",2830.59,2,,0,4168.09,6,2929.58,2,1074.27,4,823.93,3,381.95
"0049",2623.84,3,2329.63,4,5854.28,5,975.54,6,3612.54,5,515.09,4,954.40
"0056",26748.01,136,18617.59,71,69833.78,168,46151.73,203,25595.92,139,44337.01,160,49116.28
"0063",15112.02,72,3099.26,16,17264.48,92,13010.69,76,10506.85,58,11061.40,54,15028.77
"0111",1548.99,6,3025.76,5,2902.19,14,1864.82,9,733.20,5,1501.53,9,3790.87
"0113",5936.76,11,2900.33,2,11842.79,8,2698.13,10,2642.08,10,4571.81,15,782.27
"0118",653.82,1,,0,,0,,0,,0,,0,
"0119",1334.66,4,,0,,0,,0,,0,291.84,1,271.16
"0120",172.56,1,143.64,1,,0,,0,,0,,0,144.06
"0122",7527.43,12,234.38,1,2495.60,10,9541.58,17,4536.73,12,4063.23,15,3960.79
"0140",1878.35,3,764.81,1,247.27,2,,0,77.50,1,554.27,2,67.21
"0145",2212.19,3,,0,1618.04,5,114.41,1,,0,1450.13,4,2672.48
"0152",,0,,0,,0,,0,1958.18,3,1971.74,4,743.69
"0158",9661.34,17,7737.18,12,8574.08,17,12066.48,18,12175.74,24,6790.01,22,8600.13
"0221",2474.34,12,3111.28,13,2412.37,15,5765.53,15,9225.99,19,4471.69,23,2849.81
"0231",8488.28,26,6397.26,14,7669.62,36,5880.77,30,1620.15,10,4668.93,31,6499.36
"0235",3284.15,6,1523.40,1,238.60,1,,0,,0,,0,
"0248",21274.64,62,,0,14647.86,75,506.97,6,315.89,2,13865.11,70,1781.24
"0258",27264.27,48,17181.40,24,16920.23,47,7028.60,35,13466.95,47,18681.27,46,13661.62
"0261",,0,,0,,0,,0,298.99,2,,0,
"0291",1316.50,8,1102.52,3,,0,269.59,3,,0,,0,
"0307",10955.94,31,1136.35,6,2134.73,6,7063.67,8,150.51,1,259.91,1,178.49
"0308",,0,,0,283.24,1,,0,,0,,0,
"0314",178.72,1,,0,,0,,0,,0,,0,
"0315",2376.78,3,412.16,1,503.97,2,2804.83,3,1616.08,3,150.01,1,
"0328",26373.94,88,3898.34,19,7068.21,8,11844.28,8,844.72,4,12177.70,4,1366.89
"0328.01",1699.39,8,3970.95,13,5631.98,19,4564.09,18,1067.91,6,3058.01,15,3202.22
"0343",836.93,4,271.17,2,1501.00,3,,0,,0,,0,408.12
"0353",5585.67,2,207.65,1,644.41,1,303.14,1,913.00,2,764.43,1,10311.29
"0367",1080.04,4,692.75,1,894.95,3,443.22,3,,0,538.11,2,100.69
"0374",1099.03,1,881.75,1,,0,,0,,0,,0,236.08
"0380",598.38,2,123.08,1,,0,203.47,1,,0,,0,
"0383",22333.51,32,15493.15,18,30873.57,26,10408.34,12,,0,,0,
"0386",1713.06,1,,0,,0,,0,,0,,0,
"0396",,0,,0,,0,,0,,0,,0,2441.38
"0413",8590.10,29,7075.87,24,6500.64,33,8109.53,47,10571.50,34,9584.48,40,11659.18
"0423",,0,,0,,0,,0,2593.85,1,,0,
"0434",289.83,1,,0,225.68,3,505.98,2,239.02,2,86.05,1,451.46
"0446",5571.84,20,6010.51,12,7846.31,25,5008.87,20,4364.16,14,3034.09,19,4149.72
"0448",17665.88,49,9948.55,34,16962.09,73,19879.83,74,26166.95,65,26636.14,63,13018.46
"0451",,0,,0,,0,,0,,0,,0,6551.98
"0452",76.30,1,515.47,2,132.21,1,1582.79,2,116.56,1,,0,198.88
"0457",1480.33,7,2261.84,6,2315.98,12,2430.38,11,1694.32,13,14530.49,15,1643.72
"0473",380.59,2,552.53,3,497.90,3,265.10,2,,0,298.97,2,171.40
"0480",20375.72,57,12819.26,44,17275.77,60,12831.43,60,8345.36,46,8332.35,49,7857.79
"0488",3342.57,12,935.11,8,1074.19,6,1047.26,8,866.60,8,654.03,6,798.80
"0492",8233.48,18,1280.99,6,5959.06,19,7231.94,17,5793.81,8,3129.54,14,7776.57
"0496",1575.57,1,557.59,1,,0,,0,,0,,0,157.64
"0520",,0,4241.95,3,3336.94,2,3075.07,4,2742.65,4,4619.57,4,1352.26
"0522",587.73,3,286.12,2,521.48,4,258.99,2,285.39,2,307.36,2,634.89
"0530",19332.26,101,4331.67,27,14235.03,100,11303.94,91,11332.87,73,14463.95,92,18446.61
"0545",4140.71,14,11053.80,11,19314.21,46,8695.83,34,4639.18,20,6045.30,28,5169.27
"0546",4508.92,16,,0,,0,,0,,0,,0,
"0547",3407.05,6,,0,676.43,5,5099.39,8,318.09,2,569.79,3,470.53
"0555",2817.69,8,,0,1496.90,4,,0,961.21,3,,0,172.43
"0562",4357.29,8,301.20,2,1353.69,4,3016.54,2,580.44,2,3124.91,3,
"0589",4298.21,3,2074.10,5,1560.52,9,95.51,1,1227.74,3,2280.26,6,672.67
"0593",147.03,1,,0,,0,,0,,0,,0,
"0606",7637.68,32,3466.27,13,14246.28,40,9204.34,51,13798.83,47,6500.24,23,12068.03
"0613",255.24,1,,0,,0,238.90,1,249.49,1,,0,228.23
"0620",12965.99,42,15336.02,47,7425.19,47,12221.09,56,12245.73,50,14311.47,63,14612.27
"0653",106187.90,151,92596.28,71,107839.83,143,89785.34,157,80853.41,107,129572.09,137,99027.13
"0666",557.29,3,,0,,0,,0,,0,,0,
"0681",1767.56,5,119.83,1,6034.83,3,750.92,3,982.55,5,,0,1709.16
"0712",776.41,1,491.89,1,2074.09,2,,0,,0,,0,
"0725",3101.77,3,1969.32,4,493.90,2,244.13,1,339.23,2,3696.24,7,685.65
"0726",630.08,3,238.53,2,113.48,1,5278.47,7,1081.42,5,4457.02,3,1073.18
"0731",5568.04,11,2810.92,11,1072.55,6,119.74,1,1889.06,7,2398.30,8,546.94
"0750",,0,,0,,0,2365.28,1,,0,,0,1261.49
"0760",1057.96,1,2236.07,3,977.97,5,771.70,3,153.48,1,,0,1231.82
"0762",926.58,3,,0,646.24,3,810.66,4,,0,,0,383.66
"0763",499.01,3,780.98,4,381.65,3,147.12,1,323.98,3,570.82,4,1059.11
"0777",,0,92.93,1,,0,,0,,0,,0,
"0779",,0,432.13,1,,0,,0,523.71,1,,0,
"0794",253.73,1,,0,613.55,1,,0,,0,,0,
"0805",1520.43,10,3026.38,10,1368.17,10,9286.83,16,811.55,6,1559.37,9,1518.99
"0843",592.34,1,7327.57,4,,0,,0,,0,,0,
"0876",639.13,3,1235.86,1,1282.44,2,2997.92,3,3682.81,7,4376.46,8,1208.92
"0920",28030.75,67,24572.09,29,41027.09,81,19739.11,61,24479.07,65,17243.26,69,32502.70
"0924",4718.48,22,805.15,7,4683.96,26,3665.83,24,3205.57,12,2964.40,19,9502.00
"0925",5116.96,20,5681.92,11,3481.02,21,3754.51,14,2365.43,13,2622.89,14,4332.10
"0932",34874.02,131,16513.80,75,26323.79,133,50659.09,179,38908.94,158,36244.83,164,41747.13
"0940",5095.86,2,4078.44,3,553.70,2,327.72,1,,0,,0,1056.76
"0943",,0,,0,,0,,0,,0,2756.83,1,1733.69
"0951",4427.92,12,1729.27,7,4295.86,10,427.86,1,1993.32,7,6161.37,7,571.11
"0967",14302.62,55,6531.73,28,19867.97,46,9328.66,44,8109.54,50,9396.16,58,7171.58
"0978",,0,,0,,0,,0,,0,2489.83,2,
"0983",161.35,2,,0,278.51,1,292.20,2,1327.86,1,,0,
"0984",,0,,0,,0,,0,63.13,1,85.33,1,72.68
"0988",,0,692.46,1,1956.20,4,561.66,5,1494.78,7,824.62,4,214.77
"10000",,0,,0,,0,,0,,0,,0,1562.25
"10002",37486.47,123,22672.38,82,45446.80,159,26839.89,143,25412.67,140,25287.54,134,33068.51
"10005",3493.00,16,907.27,6,914.92,7,525.25,5,596.45,5,322.50,3,486.77
"10010",564.51,2,,0,151.86,1,,0,,0,,0,
"10016",2262.46,10,1498.14,4,1616.89,10,2236.46,10,2225.88,4,321.87,2,850.46
"10019",12943.72,42,3450.39,10,9574.77,17,13035.49,34,6616.62,28,15743.68,36,4594.51
"10029",291.28,2,97.29,1,106.30,1,876.41,3,4271.68,4,485.68,1,
"10031",6192.92,7,2883.03,6,2566.52,12,1566.32,11,1331.38,9,4130.34,11,2441.02
"10037",486390.74,2572,36509.89,328,17957.25,203,6820.23,89,15922.30,142,2665.54,26,11082.78
"10045",508162.54,2447,7398.38,60,10245.53,89,75902.67,495,3456.22,55,1389.11,18,4171.47
"10046",31789.95,164,16513.60,91,25915.90,175,19564.90,146,24880.20,162,27588.36,179,21392.58
"10047",1599.90,10,1206.48,8,2146.52,13,1718.94,10,491.71,4,595.25,4,4247.85
"10051",139.56,1,,0,2501.07,13,1282.93,15,3591.25,12,1323.97,5,1417.69
"10054",1661.79,2,82.01,1,460.59,1,,0,516.75,3,126.69,1,
"10059",10843.79,29,4541.58,15,2291.14,15,5007.64,20,3672.98,18,2683.55,16,2789.32
"10061",64378.26,242,16794.38,80,47445.81,236,50157.49,236,33573.23,163,10199.43,77,12739.48
"10062",,0,809.23,1,,0,,0,,0,,0,
"10064",1495.39,2,,0,,0,,0,,0,,0,
"10073",50809.75,184,23864.89,126,45117.07,203,31115.67,191,39210.61,177,25145.68,168,29739.39
"10074",13913.16,24,8278.94,29,14717.81,45,22627.11,52,21421.87,32,14596.46,27,8114.82
"10082",,0,,0,,0,126.73,1,1889.66,12,4165.78,29,7374.52
"10086",5413.67,18,2503.39,15,6789.61,37,4639.88,28,1252.23,10,,0,
"10091",149.32,1,,0,,0,,0,3841.64,2,950.57,4,340.66
"10097",68672.81,227,22130.07,85,55642.26,197,42540.00,171,28257.95,132,51798.33,161,
"10099",4022.74,21,1855.72,5,3657.92,14,1457.45,9,2695.75,15,1179.61,10,2023.73
"1010",,0,,0,4752.88,8,344.01,2,2246.40,11,2598.49,12,2285.23
"10103",198.43,1,1038.32,2,282.11,1,2362.50,4,310.19,2,531.82,3,9119.29
"10104",19634.08,63,5993.91,31,11570.59,49,19774.23,46,6888.22,42,14434.47,35,9603.70
"10105",11110.88,26,8904.00,14,6396.47,16,4248.70,19,18341.92,12,8447.42,21,4003.71
"10106",20902.15,52,38917.29,27,37279.13,55,27264.63,58,15742.51,44,15845.03,74,19187.08
"10108",1123.94,3,1949.19,3,1157.60,4,147.51,1,357.21,2,487.84,3,2283.89
"10110",44705.46,154,19939.08,60,14240.67,65,7528.58,37,8001.94,30,5899.30,33,4867.52
"10113",5506.91,10,1702.03,9,5598.36,25,1939.81,14,6951.50,14,2012.50,10,2680.69
"10114",343.27,2,2512.75,4,952.56,4,3784.40,6,1252.70,7,689.56,4,217.89
"10121",10321.28,14,9224.71,11,9038.84,12,2138.25,9,4113.70,8,1660.94,6,1071.86
"10125",3394.85,10,2473.46,9,695.59,5,1901.61,11,,0,247.58,2,861.13
"10130",551.23,3,145.04,1,5855.96,44,38.07,1,,0,2608.46,18,5000.14
"10133",1127.60,6,1422.47,3,,0,356.83,2,1091.97,5,774.54,3,540.08
"10134",16707.20,85,2719.55,18,10375.50,69,12099.94,75,10826.10,53,10871.66,61,18574.02
"10136",,0,38.18,1,,0,,0,231.65,1,,0,
"10138",1644.63,8,121.96,1,930.10,6,1692.84,6,1190.78,3,1377.71,5,2066.21
"10139",1101201.17,4949,508654.19,2709,913829.09,4990,1047261.23,5874,809757.97,4762,1139734.83,6637,1260070.85
"1014",6361.99,24,1908.95,11,7065.08,28,4309.99,22,4387.36,18,4752.27,22,2497.29
"10140",856.58,11,4777.46,36,2714.54,22,4809.79,40,6957.53,32,3180.10,28,1361.75
"10147",25126.25,50,7111.66,27,34021.01,61,5363.14,25,8065.79,33,4347.43,26,8127.43
"10156",9394.57,22,10874.49,9,10137.00,16,3066.85,8,4156.24,6,3551.86,7,5150.27
"10157",363.17,2,,0,,0,232.73,2,181.53,2,101.40,1,237.90
"10158",207516.43,1040,112504.06,745,182533.26,1171,173822.13,1172,178468.17,1073,195073.28,1243,158985.12
"10161",,0,,0,,0,,0,,0,,0,27135.46
"10167",328945.39,1668,135014.75,883,241390.80,1710,90211.63,742,123055.11,914,82526.12,555,156470.02
"10171",18172.24,49,10614.70,29,13986.28,44,5236.73,38,4743.71,14,10664.02,53,9631.23
"10173",249288.90,525,125368.21,333,196519.01,439,95180.63,276,101690.77,233,73791.88,200,73604.94
"10174",21125.84,106,17388.18,37,15305.05,63,12045.43,60,17373.22,69,10928.40,63,13659.45
"10175",,0,76.46,1,,0,77.41,1,,0,,0,
"10179",,0,,0,163.15,2,1591.28,6,,0,,0,
"10180",4779.89,20,1592.34,11,3607.99,23,1768.96,14,2011.89,17,3581.66,20,2471.27
"10181",9243.67,20,3704.07,10,7767.44,30,14161.06,16,4906.69,12,2843.53,12,6029.30
"10184",20449.81,87,11024.50,56,17684.11,67,21340.88,66,14447.87,64,11837.55,58,25527.44
"10185",5023.26,14,601.13,5,2089.28,6,1197.45,7,1465.83,6,1632.13,11,671.60
"10188",2503.78,11,360.72,2,3804.91,10,1154.87,4,679.35,5,1180.34,2,
"10194",,0,,0,,0,,0,1996.77,8,,0,
"10200",,0,308.79,2,574.27,4,591.38,5,569.76,4,770.97,4,800.72
"10211",6088.80,9,494.10,4,7825.97,18,1435.37,6,3035.08,14,2083.45,12,3373.35
"10212",401.53,3,,0,810.53,5,4937.49,5,284.02,2,1982.20,3,338.10
"10219",252540.48,1063,127731.49,661,222921.23,1120,311035.16,1894,442746.76,2739,470242.90,2969,427335.64
"10233",35965.88,128,8035.71,24,10988.87,45,2346.52,13,8613.30,12,21215.47,65,8626.90
"10235",27510.01,45,3661.74,14,10451.83,35,9310.97,42,8145.31,33,3275.50,15,3923.73
"10236",2084.45,11,110.46,1,1783.45,6,511.56,4,1182.39,7,1792.09,12,3350.47
"10242",4143.30,5,1995.89,2,1084.31,3,1429.21,2,,0,,0,
"10249",,0,85.81,1,1904.47,2,313.86,2,,0,83.40,1,606.82
"10251",7318.68,23,6338.68,8,5258.48,22,1079.93,7,686.84,5,,0,
"10253",592289.92,1817,237038.83,865,432268.70,1927,389414.81,1794,315564.66,1362,408694.41,1775,406316.30
"1026",1019.48,2,51.39,1,507.09,3,183.14,1,330.68,2,80.26,1,701.07
"10263",16150.36,67,4151.26,32,13782.15,79,16523.08,85,18471.91,52,11947.81,87,11759.22
"10264",3723.68,5,227.01,2,392.72,4,1430.80,6,416.81,3,1195.87,8,3933.42
"10272",8620.16,11,436.47,2,3229.43,4,1687.83,2,1088.56,3,3972.86,10,3652.45
"10277",1269.38,7,227.83,2,2783.63,14,695.76,5,744.94,3,208.21,2,652.60
"10280",11158.73,45,5071.69,31,7012.72,47,9193.78,51,9306.98,58,8871.89,58,10031.38
"10281",99.82,1,687.30,3,512.40,3,146.47,1,205.02,2,1947.13,2,6270.61
"10282",10335.62,32,2989.54,16,6058.45,26,2639.43,23,3863.71,17,2953.33,17,3118.68
"10293",1496.78,4,3708.92,11,,0,111.24,1,1663.82,1,,0,5210.65
"10296",306.90,2,525.95,3,285.93,2,90.19,1,226.94,1,,0,3621.52
"10299",2522.96,3,171.91,1,2522.79,17,3833.96,21,3552.30,11,524.92,6,1180.09
"10301",9247.95,32,2155.49,16,4177.05,29,8543.04,37,7140.47,35,3165.33,20,7756.32
"10304",4017.11,17,88.00,1,2781.94,13,,0,551.21,4,1048.21,6,
"10306",651.10,5,458.53,3,837.86,4,546.18,3,602.15,4,481.92,3,128.41
"10308",,0,,0,,0,,0,162.13,1,,0,
"10309",11135.43,43,4142.77,28,6018.79,44,5441.01,33,3564.21,29,4032.90,26,4484.98
"10313",11459.71,43,7782.08,37,10338.88,54,8775.72,58,6637.20,34,8571.11,43,9485.04
"10315",,0,280.26,1,209.92,1,104.26,1,,0,,0,293.80
"10316",164.56,1,,0,,0,,0,,0,,0,
"10317",1070.31,4,391.35,4,486.61,4,636.18,3,428.44,3,385.87,2,651.05
"10319",,0,,0,,0,149.65,1,,0,,0,
"10321",294133.09,1225,154555.99,831,262320.78,1400,213376.71,1368,250592.39,1320,247214.37,1478,251132.22
"10330",311.11,2,371.87,3,287.54,2,229.65,2,518.83,2,205.01,2,570.24
"10332",106443.86,422,62216.79,209,88989.45,425,61527.08,339,54430.98,278,50430.74,247,46435.48
"10334",1978.54,4,391.64,4,157.98,2,146.47,2,114.37,1,,0,110.07
"10336",5913.30,33,3832.44,16,9507.51,41,4522.54,32,3644.97,26,5281.24,31,4435.75
"10339",12574.74,52,3284.38,22,8747.09,51,4959.32,34,5431.81,31,2243.37,14,5178.08
"10340",4270.98,5,2729.20,4,852.92,2,,0,,0,1255.96,2,
"10341",2732.57,5,,0,95.00,1,531.37,4,1170.22,8,5485.22,10,452.71
"10353",209690.15,597,126947.81,512,244976.32,977,222984.20,1033,232766.84,931,192562.01,880,169411.30
"10354",53997.04,130,1473.11,5,2180.67,6,413.78,2,601.03,3,638.64,3,427.66
"10358",11766.59,13,1747.60,8,7521.89,10,3889.33,11,2592.27,8,6317.33,14,5403.10
"10363",302.82,1,117.53,1,128.96,1,,0,,0,,0,
"1037",9724.49,15,2600.08,9,7149.79,10,2848.26,11,1375.98,8,851.94,5,7381.97
"10371",5148.72,8,1314.93,11,657.50,6,5465.25,22,4382.06,33,5643.15,36,4771.42
"10375",187707.77,700,78767.28,344,187083.37,854,149555.12,728,154515.40,654,189260.43,822,177586.92
"10379",229.05,3,89.30,1,,0,,0,,0,,0,
"10380",53600.87,66,12447.77,27,16514.89,60,19114.06,50,12122.08,46,16933.72,65,14175.50
"1039",275.95,2,365.10,3,200.08,2,95.29,1,,0,98.56,1,194.37
"10390",12148.73,18,587.57,3,3837.09,8,3027.15,9,3277.36,4,1317.21,6,707.63
"10395",2844.72,9,1078.81,6,3851.41,9,2507.26,11,981.77,7,1284.55,6,1059.66
"10396",1864.30,8,2745.86,11,1634.17,9,1498.06,8,1018.36,5,4799.15,10,704.32
"10398",6327.06,24,7210.03,20,7797.16,39,5306.37,27,2750.54,20,9932.96,36,10288.08
"10403",,0,,0,3414.36,4,2258.45,4,,0,,0,100.48
"10406",14739.16,44,9928.35,23,16320.73,42,21992.08,38,15773.89,25,8590.69,36,20123.08
"10407",2637.11,15,1281.40,8,6253.84,27,2483.19,15,13798.34,23,5047.46,22,3193.60
"10408",50366.15,197,28040.96,117,39538.21,205,41693.05,180,39284.76,166,30803.96,149,45200.75
"10421",1940.02,6,459.74,2,2257.72,5,2719.91,3,,0,910.44,4,684.16
"10426",21975.17,45,7454.66,15,10854.17,37,8665.88,39,5384.54,24,8575.94,29,24175.39
"10429",10440.25,35,4173.01,15,10655.11,24,8176.43,28,5152.99,24,20831.68,36,7994.34
"10430",1726.27,9,5793.01,10,1764.01,9,4817.57,12,5484.54,15,1123.54,6,2020.71
"10431",5399.49,33,2040.78,16,8653.79,45,5694.79,39,5582.72,33,4562.81,30,7074.56
"10439",4238.53,15,564.60,4,2392.46,15,1343.26,9,2472.75,7,1040.00,6,1088.15
"10442",243668.11,853,107306.86,439,229007.33,917,101014.05,383,82106.85,290,65193.34,289,95527.89
"10442.01",2158.27,5,1266.97,2,1996.55,5,8678.63,27,2441.44,2,,0,
"10444",,0,,0,,0,,0,173.66,1,,0,
"10445",31985.90,88,11336.62,40,10293.24,58,13261.43,56,13470.61,49,8718.34,47,9969.66
"10448",24512.75,59,5381.29,19,28989.65,54,22722.32,54,24127.21,33,20528.17,52,16154.10
"10460",1136.20,2,,0,,0,445.44,1,,0,,0,
"10462",2524.87,10,3872.03,3,5414.21,8,1053.75,4,4890.26,9,,0,3873.99
"10468",2910.70,14,2237.69,15,2114.09,17,3347.53,14,1233.70,10,1797.77,13,1207.94
"10469",481.21,1,913.07,2,,0,161.03,1,173.64,1,155.74,1,
"10484",5279.60,19,4427.38,14,5500.43,28,10877.08,26,10688.71,18,3656.21,17,5814.37
"10488",7461.81,15,3163.24,4,3329.23,6,1002.48,4,269.28,1,1976.27,8,1600.35
"10492",4103.04,12,701.53,6,1752.03,9,689.83,6,1016.41,9,2308.43,10,468.51
"10494",8710.99,19,5436.29,10,6987.69,25,4980.22,18,6400.57,24,4410.59,16,5735.29
"10496",272.91,1,,0,,0,90.79,1,,0,,0,
"10497",,0,198.30,1,390.16,1,463.09,2,,0,,0,112.08
"1051",3657.45,17,2303.22,15,6350.63,36,1918.10,9,,0,,0,
"10510",2583.03,5,1438.02,2,,0,3016.79,2,,0,3241.77,1,
"10515",769.16,4,,0,553.75,2,,0,,0,,0,
"10517",7955.23,10,6803.21,14,19149.34,40,18474.89,44,7760.33,25,20325.37,32,11069.91
"10521",1449213.82,6117,886715.64,4196,1182303.88,6071,1063632.36,5907,862188.63,4825,767957.60,4383,816612.55
"1053",36545.43,181,28427.18,166,32460.39,220,31752.02,179,29192.10,198,26715.10,182,30041.35
"10530",14256.50,42,12641.24,16,24017.60,28,16186.57,46,6240.87,19,8562.83,32,8653.63
"10538",227.38,1,79.67,1,1393.72,4,196.01,1,349.58,2,193.43,1,
"10539",3717.56,7,34.50,1,4926.89,11,2676.81,8,5538.04,12,1003.77,8,182.73
"10548",45602.63,166,3202.24,16,3294.75,16,42574.53,232,4476.23,32,7452.45,48,10537.74
"10551",705.88,5,380.25,2,535.96,6,2574.48,4,602.28,4,966.28,6,529.23
"10553",4829.74,6,447.64,3,406.47,2,291.52,2,1755.55,2,2091.96,4,362.45
"10555",4393.63,3,315.79,1,194.88,1,,0,,0,,0,
"10558",5854.98,33,5059.73,26,6943.07,43,6908.41,46,5202.95,32,8722.31,40,5286.40
"10564",1952.18,7,611.74,4,2144.83,10,4526.31,10,4469.50,7,3168.37,11,11785.58
"10565",,0,,0,,0,,0,3874.47,4,139.16,1,
"10566",8777.53,45,6440.37,35,9220.04,55,447.39,2,1900.63,3,,0,80.25
"10568",31802.05,31,25781.58,15,,0,,0,,0,,0,
"1057",22570.02,108,17991.90,52,17372.94,80,9235.43,63,13544.01,66,11240.89,60,13198.47
"10584",3151.76,2,,0,651.97,3,266.22,3,,0,857.60,4,118.12
"10586",2018.66,2,123.49,1,1829.61,6,797.71,3,352.54,3,,0,
"10591",21792.21,97,6789.23,50,17360.41,114,22808.52,110,17126.89,106,17030.91,113,22586.00
"10593",3732.53,2,,0,95.86,2,142.28,2,,0,,0,289.91
"10606",13114.92,61,10416.86,58,11508.89,67,15212.38,69,8277.74,52,7034.37,39,9914.61
"10608",31540.74,87,15086.46,39,20383.73,70,25301.76,121,33782.08,95,25904.92,104,24223.05
"10614",172587.14,586,70716.56,345,120583.54,534,111014.56,512,47185.44,237,28304.76,138,30508.60
"10622",20306.26,83,4046.14,16,8844.29,52,18894.00,113,13042.30,81,17467.75,103,20280.03
"10625",,0,,0,53.39,1,1403.25,14,,0,53.60,1,
"10628",,0,281.88,1,277.65,1,,0,,0,,0,
"10636",23773.58,73,13069.63,40,17955.57,78,12857.81,72,7055.01,44,11792.70,52,24192.27
"10637",42638.43,111,29615.30,131,41862.83,164,47435.82,189,100008.66,442,81311.96,334,104979.48
"10640",122.86,1,,0,,0,,0,,0,,0,
"10648",112029.06,534,34838.94,178,87218.61,474,89058.02,409,50271.58,302,65031.12,404,84765.38
"10649",180.84,1,,0,106.99,1,5618.54,2,,0,116.69,1,131.84
"10656",1410.92,4,1199.67,4,541.11,3,266.91,2,1862.65,3,275.59,2,478.71
"10657",5241.56,20,1893.49,9,1865.95,14,3337.90,17,2061.68,13,8553.71,11,2717.93
"10659",1848.05,4,169.38,1,406.39,3,306.77,2,643.07,3,817.13,2,538.31
"10662",3645.50,20,2313.41,9,4674.16,28,5924.84,26,11859.43,38,7649.13,47,7286.97
"10672",8653.42,27,5233.96,21,16024.93,50,6997.86,35,6684.13,19,2971.16,20,2744.27
"10673",2811.99,9,609.29,4,6278.04,11,7263.76,23,13234.82,19,6616.42,16,22854.15
"10676",70835.47,196,5959.56,49,26645.79,173,26849.69,227,56576.11,365,81090.31,454,68714.30
"10678",110.21,1,,0,119.06,1,812.50,1,160.55,2,311.21,2,1157.08
"10679",3083.86,12,6490.25,11,15971.87,29,8100.66,31,15772.32,50,11116.11,35,9878.98
"10690",3281.14,14,558.71,4,1034.42,9,1626.33,10,1308.46,5,979.03,7,1758.17
"10693",37348.56,118,22612.73,74,28048.79,106,27683.57,90,19085.70,79,19778.57,70,21458.52
"10694",2801.38,7,350.84,2,2731.38,19,56.93,1,216.16,2,125.40,2,
"10696",7121.66,22,6972.03,27,17209.84,30,11126.61,44,15790.02,35,8402.77,32,3526.72
"10698",18056.31,17,8656.11,11,5922.66,21,4067.74,23,9136.54,31,1220.40,9,11201.22
"10699",10557.36,53,4778.43,33,7462.96,52,7613.47,54,5188.49,35,7477.61,51,5286.21
"10702",3186.11,19,10529.52,11,4758.33,23,1934.36,19,1910.01,11,,0,
"10709",3090.11,37,1250.15,7,1218.76,19,738.64,11,542.12,4,1556.14,11,427.11
"10711",314.08,2,,0,,0,469.07,2,,0,,0,
"10713",1112.15,2,377.79,1,101.17,1,369.46,2,327.37,1,781.70,1,588.05
"10714a",10436.60,40,5136.39,31,6478.64,38,8117.95,51,4668.76,26,4223.65,27,7199.67
"10720",11660.84,53,6057.27,29,11045.32,62,10020.24,48,15036.51,72,13277.33,67,12633.19
"10723",9295.36,25,2400.98,11,5856.64,27,5467.84,19,4976.25,19,3831.46,16,7417.53
"10724",21484.21,51,5048.67,26,6493.78,40,8071.85,40,5104.72,28,6882.22,42,10684.31
"10725",6794.38,4,439.21,1,2699.69,4,369.95,3,476.84,2,16817.12,3,117.80
"10726",4458.53,19,692.10,6,803.22,6,1072.21,8,1611.90,10,1320.37,10,5409.32
"10730",379.57,1,261.98,1,967.69,3,550.54,3,1467.50,8,4587.67,7,1403.10
"10735",2057.37,6,494.85,2,1020.27,7,303.54,3,266.44,2,1887.32,4,176.73
"10738",,0,,0,,0,472.50,2,,0,418.91,2,
"10739",,0,108.64,1,,0,73.75,1,72.97,1,100.36,1,491.63
"10741",2712.60,12,1431.28,9,2497.11,14,3147.96,12,1686.32,10,1981.27,11,1418.97
"10745",8350.75,36,3669.22,23,6265.25,43,10265.76,43,7861.06,38,7186.43,44,7461.60
"10748",5560.14,6,1633.96,1,,0,353.53,1,88.57,1,117.36,1,87.48
"10751",7128.37,24,1829.39,13,3848.84,23,3845.60,13,3873.89,16,1387.71,10,6409.88
"10753",78.64,1,,0,504.94,3,85.91,1,,0,,0,
"10755",41596.47,68,12537.10,57,18905.96,71,20800.98,66,13689.43,53,14042.00,51,27641.48
"10756",21861.93,58,5899.25,27,5482.68,37,10417.48,38,5533.12,24,10527.60,38,10388.54
"10758",10275.54,54,3212.14,25,5931.10,46,2463.00,17,3592.07,29,2164.17,17,4918.40
"10761",630.18,4,334.33,2,,0,6259.22,4,1092.22,4,804.63,2,811.32
"10765",184995.99,799,88093.87,486,179524.66,901,41400.85,271,71315.36,407,53182.68,207,56483.88
"10766",4079.47,15,4311.18,13,4053.16,18,4194.11,17,12294.39,15,11953.14,22,5318.70
"10770",3734.76,14,888.95,6,6036.17,16,3496.33,15,3279.67,11,3214.64,14,4578.26
"10774",925.08,2,,0,417.05,1,760.31,4,,0,202.42,1,
"10776",6502.94,14,7682.98,12,7793.15,16,2234.02,13,4948.94,8,4904.47,13,4113.36
"10783",2043.47,12,510.89,3,578.36,4,1594.24,9,461.31,4,2708.07,6,1369.00
"10784",2979.06,16,1618.54,10,1736.52,14,6094.75,15,1894.74,10,1764.07,7,943.54
"10786",1490.93,5,2523.51,4,3443.97,4,12832.24,8,1947.96,7,1244.57,5,998.29
"10791",20574.88,55,8008.24,27,11865.51,57,21754.79,50,12239.62,41,16925.64,54,13085.42
"10793",2722.84,14,2137.81,7,7214.52,27,674.27,5,,0,191.45,1,
"10795",73586.48,413,22577.18,113,49684.58,359,40627.17,296,48157.78,330,46233.62,309,60630.10
"10803",23260.56,61,16006.70,38,19234.28,63,35347.09,71,26052.97,52,26240.33,63,17057.77
"10807",21106.70,90,14586.29,51,15169.84,83,29825.38,93,19568.92,76,10913.39,72,25594.84
"10809",17102.47,44,834.79,6,,0,4710.31,28,,0,,0,5604.66
"10812",4749.14,10,943.34,3,3735.81,5,720.87,6,732.83,6,835.03,4,2144.23
"10813",257.38,2,200.58,1,388.80,3,1163.79,3,942.37,2,,0,3156.43
"10816",9951.23,16,1998.66,10,2508.57,16,4008.12,22,3327.87,14,1589.50,12,1341.68
"10820",7536.72,14,115.72,1,2843.18,12,4179.71,10,5966.00,7,89.94,1,
"10821",15219.65,38,4798.91,17,7371.53,24,12487.92,39,12844.39,19,8497.18,22,30554.58
"10822",190.16,1,361.06,2,24723.95,3,123.66,1,191.68,1,269.59,2,
"10824",12607.92,80,10503.26,67,17486.45,108,13972.45,95,10721.05,81,11426.15,82,13143.72
"10829",,0,,0,,0,,0,,0,,0,
"10834",7568.42,82,4788.22,41,9367.61,101,13394.59,185,14601.79,160,12581.26,119,10284.99
"10836",1933.50,10,3508.92,7,3015.81,11,1053.84,6,729.38,4,488.37,3,1098.93
"10838",608.57,4,,0,,0,,0,,0,,0,
"10839",1021.11,4,164.64,1,1273.97,8,,0,91.52,1,147.03,2,511.79
"10840",889.06,1,,0,,0,117.05,1,,0,,0,
"10843",2466.85,15,6053.31,17,8376.99,38,11149.25,34,8625.49,21,7708.14,21,11432.86
"10846",426.45,2,2762.15,1,1486.38,1,,0,2626.78,3,11546.05,7,123.49
"10848",,0,1693.97,1,264.93,1,,0,,0,738.36,2,123.58
"10850",8899.70,36,2555.63,17,5230.69,29,6792.89,41,6148.22,28,5716.17,27,4009.36
"10854",7763.56,31,7300.99,21,12660.45,37,7755.65,21,5638.05,27,2911.35,15,1721.21
"10855",9087.49,43,10397.71,37,7589.64,47,5157.83,36,5851.84,37,9101.11,32,4572.98
"10857",16275.11,87,8112.98,44,12681.57,90,9121.35,79,7848.08,57,12320.07,52,8841.70
"10860",15785.54,66,13035.21,57,16042.85,77,22591.02,98,19433.25,80,15607.50,81,15877.88
"10863",3114.24,8,457.93,3,1177.21,5,301.43,2,619.13,2,298.41,1,2613.99
"10866",,0,11834.81,6,1215.60,8,3475.59,13,5865.96,9,3824.57,8,2283.89
"10867",6528.02,42,3280.24,23,5811.18,43,5890.19,42,3497.13,27,6133.09,40,5565.96
"10869",3813.47,21,1132.26,10,2256.53,15,1953.70,9,264.13,2,439.90,2,335.49
"10872",,0,,0,,0,83.15,1,2445.64,4,969.09,6,1083.13
"10873",1053.49,2,150.91,1,400.16,2,702.01,3,1783.05,2,1068.56,4,279.27
"10903",4256.31,23,10006.10,24,8039.34,37,6918.28,40,6396.73,43,7942.23,35,7832.47
"10906",589.41,1,378.53,2,191.51,1,,0,166.09,2,129.93,1,152.84
"10907",,0,287.08,2,100.48,1,,0,,0,,0,
"10910",257.22,1,1334.05,2,,0,3764.88,1,488.54,1,716.75,1,115.50
"10917",3305.80,20,4165.32,19,7408.77,31,10563.55,44,14456.19,37,14954.41,31,7939.77
"10919",15483.58,19,5748.55,6,9798.77,10,16195.98,18,7617.83,12,9387.28,21,9452.94
"10922",24512.07,207,14175.05,158,21090.22,208,29606.97,274,22608.30,204,22362.14,190,21047.26
"10926",1167.20,4,,0,2184.76,7,1217.97,4,1634.83,7,113.47,1,2996.20
"10929",40460.13,37,10977.40,24,33639.66,63,18885.93,63,45958.19,68,69297.67,72,33262.79
"10938",2457.39,5,119.08,1,,0,,0,,0,,0,
"10939",6446.20,36,2778.98,19,20663.31,39,3792.55,32,8430.19,33,3658.91,29,2887.86
"10941",1974.25,1,,0,,0,,0,,0,899.34,1,
"10942",27581.66,22,23708.00,28,11832.00,18,8719.83,12,80941.18,37,64247.40,40,59310.74
"10944",8142.77,21,1958.00,11,4681.60,24,4173.35,23,4154.11,22,3337.35,17,2220.44
"10945",141427.46,404,67254.02,282,106646.22,415,92355.48,351,79519.47,320,61184.21,314,80017.42
"10946",3285.36,19,1595.70,11,3319.35,24,3743.32,26,2720.51,21,2088.85,19,2281.22
"10947",,0,46.04,1,2323.12,6,1462.27,8,1363.64,8,1711.21,4,6684.76
"10948",666.80,4,3293.05,3,158.99,1,2572.88,7,769.44,4,1169.63,5,163.81
"10953",10410.29,45,4063.67,15,6247.05,28,1481.12,10,2980.46,18,6324.98,35,5379.54
"10954",6269.58,17,1450.34,4,1338.09,7,1098.73,6,1832.32,8,7207.69,15,3368.88
"10958",4559.63,17,4641.89,25,1627.11,13,1118.09,10,6093.10,29,5903.29,40,3913.87
"10959",15355.14,73,19110.00,58,19137.14,110,17431.37,105,20956.36,105,23936.31,113,25064.12
"10966",2245.83,7,111.76,1,4832.32,9,4035.51,6,205.17,2,196.82,2,449.73
"10967",3637.99,6,1301.35,2,2722.14,6,1619.87,6,170.36,2,321.56,2,55.14
"10968",4790.94,16,1153.43,7,1240.85,3,682.24,5,5446.42,7,1467.32,8,1434.77
"10970",1995.21,6,222.30,1,3531.21,7,678.30,3,3342.80,7,523.00,3,975.96
"10973",2695.12,9,914.65,10,2142.07,14,2511.02,17,10861.54,15,1896.11,12,1993.77
"10979",47449.21,42,22984.74,15,15804.50,24,12637.56,6,2005.07,5,3866.75,4,17979.16
"10985",131117.82,450,41748.99,249,106079.78,591,73230.94,433,86655.28,470,80991.24,492,67616.55
"10986",20307.74,36,16312.31,17,16240.53,25,16015.71,18,10460.65,20,8668.48,24,18852.08
"10989",3249.13,19,,0,2225.61,16,1758.33,7,2601.98,15,3811.95,23,100.07
"10991",1595.85,11,534.34,5,2699.07,22,4250.77,20,4559.93,28,3138.24,21,2294.81
"10999",1889.04,9,1923.21,8,2284.00,6,782.41,6,3292.01,12,2399.54,18,1730.00
"11006",14748.08,80,8496.28,49,18415.52,111,11852.27,81,16868.95,94,12191.69,81,10745.11
"11008",491.92,2,867.53,2,1204.75,5,130.82,1,580.31,3,300.68,1,231.63
"11010",40744.96,177,16473.47,96,21635.40,152,19568.45,130,10998.48,66,16028.20,109,11115.51
"11013",24131.96,125,14709.35,92,18217.52,98,17406.08,116,24443.89,151,20906.02,138,26132.86
"11014",5556.03,25,11998.77,12,6226.77,19,6886.48,19,2805.23,13,5121.08,18,2855.38
"11016",33058.40,126,10353.86,53,33153.58,139,4370.10,25,3786.87,22,14964.46,62,11449.96
"11018",858.61,4,2338.67,13,2283.85,16,2737.04,13,879.10,8,544.99,4,2431.84
"11019",4869.72,13,5398.79,7,2831.73,12,1652.69,11,2677.06,6,2365.80,10,5762.72
"11020",611.64,2,174.11,1,1288.94,8,705.67,5,1407.80,6,414.54,3,540.48
"11022",4549.62,21,7817.99,18,14097.54,67,11602.05,71,4884.69,35,5573.02,38,12562.44
"11023",1011.16,5,352.35,3,1543.33,7,896.76,6,331.39,3,347.09,3,1233.59
"11024",349.51,2,4934.46,5,760.97,5,1983.78,14,657.99,2,,0,157.55
"11025",397.35,2,148.93,1,,0,101.96,1,1250.77,6,378.80,3,255.09
"11026",1422.20,10,3926.80,9,6288.41,21,7624.75,14,2676.95,18,2294.72,16,2569.75
"11030",1779.69,7,1157.84,6,1146.49,8,1757.82,11,1431.71,9,2939.18,11,751.39
"11032",667.56,1,,0,1073.17,6,1176.54,7,,0,,0,
"11035",5661.98,29,1221.91,8,2813.56,14,2140.17,9,991.39,5,3265.93,12,3804.95
"11047",,0,,0,115.61,1,,0,230.23,1,,0,
"11048",18722.14,79,5918.95,41,17118.44,87,17736.60,72,19268.52,85,12707.87,64,4863.49
"11052",,0,191.12,1,276.10,1,1080.83,2,553.65,3,3152.52,2,1303.71
"11053",1874.42,6,572.75,2,104.27,1,,0,1551.55,2,,0,
"11056",221.37,1,337.17,2,803.70,4,290.80,2,1232.28,2,,0,
"11057",,0,,0,,0,,0,724.37,1,125.25,1,
"11058",18047.48,16,2886.58,15,6543.61,30,9046.05,35,4915.32,19,4227.57,18,6696.31
"11059",237370.78,1291,113917.03,744,198751.93,1275,160229.24,1167,223058.94,1542,258573.48,1764,320357.45
"11061",,0,,0,299.96,2,1470.36,5,1905.25,2,2252.49,2,
"11067",,0,,0,808.04,2,191.74,1,170.19,1,,0,
"11068",497.26,1,,0,,0,,0,,0,,0,
"11071",4609.26,19,1295.09,9,8831.11,39,5191.50,41,4380.33,28,4370.46,30,8296.47
"11072",17755.65,6,8697.11,3,244.44,2,18863.09,6,,0,140.42,1,1483.20
"11073",18889.59,43,10203.14,37,18474.16,89,23227.59,89,31859.41,116,31902.45,108,29428.01
"11080",9693.53,16,784.07,4,3064.36,14,1312.72,7,2613.68,8,1015.27,6,810.56
"11085",595.71,4,176.09,2,290.28,3,,0,,0,,0,
"11087",253.48,2,227.17,2,2415.58,4,,0,,0,4935.10,3,
"11089",857.13,4,,0,263.98,1,894.49,3,180.52,1,357.73,2,
"11091",120670.80,561,79524.61,438,127556.09,590,88415.70,527,100985.92,528,95968.55,527,93017.30
"11092",3671.58,13,,0,1006.82,3,1108.49,4,,0,708.68,3,
"11093",10215.02,27,6445.53,17,12262.64,42,12335.75,31,13388.42,25,13656.73,32,13865.51
"11094",2511.10,12,4560.69,8,4159.91,18,4040.96,19,8620.30,26,13419.81,21,3905.28
"11095",38065.21,143,16143.18,75,48653.05,124,36316.03,142,14679.20,84,14692.41,91,15871.69
"11101",869.02,4,320.84,2,1137.37,7,1223.30,6,1042.83,5,555.98,4,1021.39
"11104",14695.24,51,3470.50,11,9701.27,48,9597.90,64,17079.06,75,9067.58,47,4932.12
"11106",3685.13,18,4106.72,7,907.49,6,,0,239.58,1,,0,
"11109",7843.49,13,1181.25,7,829.36,8,1552.54,6,2725.32,9,422.37,3,858.02
"11110",1053.62,4,972.87,3,,0,547.44,4,255.96,1,408.15,3,
"11113",1301.00,3,447.73,3,2256.19,13,5143.43,14,468.17,4,43.05,1,
"11120",,0,,0,97.69,1,139.65,1,,0,,0,
"11125",1051.96,5,639.87,3,1270.53,7,897.04,6,398.96,3,909.14,4,478.65
"11127",45550.92,212,37883.23,181,53603.47,303,62404.02,330,48000.05,243,48478.80,217,43446.74
"11131",3860.88,11,3873.15,7,6536.24,8,1873.49,5,193.63,1,,0,1349.59
"11136",,0,285.59,2,106.12,1,,0,436.87,2,265.41,1,273.01
"11144",3008.73,7,725.84,2,1029.85,5,2371.21,2,2525.74,4,515.04,2,503.60
"11146",1408.90,9,317.27,2,1379.77,9,2101.84,12,1243.87,8,849.30,6,2433.94
"11147",17066.85,86,8833.30,56,16819.33,112,37442.45,87,20452.82,83,12661.15,85,16946.04
"11149",6721.02,22,2905.84,14,4372.60,15,5471.42,36,6283.84,33,,0,
"11155",4488.20,21,3144.53,15,3886.58,20,3257.72,20,5294.34,32,3364.86,18,6780.36
"11158",945.70,7,683.28,5,766.55,5,1203.83,9,1265.65,11,1241.70,9,1086.30
"11159",67923.83,296,11605.18,60,17910.95,76,14285.27,69,2851.45,11,11032.50,65,8430.38
"11162",324.73,3,202.15,1,225.89,2,,0,,0,3714.38,2,183.84
"11166",14992.81,52,1534.70,12,4546.50,22,10405.83,35,4431.06,27,5534.19,26,
"11173",14383.18,30,5100.67,13,3463.38,13,1146.25,8,3773.79,13,4727.99,14,2573.34
"11176",11163.90,38,8099.39,30,18129.24,61,10618.08,67,10834.18,57,10998.82,45,9639.39
"11179",2841.93,9,3382.17,16,1599.10,13,2699.25,15,4923.05,15,2367.10,14,2457.63
"11182",29706.10,140,13160.53,64,30081.77,173,22728.80,125,24320.67,140,30019.99,144,20252.80
"11183",17909.74,62,8077.91,21,17020.12,38,8468.63,47,5651.16,33,8352.53,44,14844.51
"11184",,0,113.74,1,600.75,5,767.67,6,747.64,6,353.57,3,305.39
"11187",230.09,1,208.90,1,211.48,1,345.72,1,1075.90,2,207.32,1,406.70
"11188",,0,69.34,1,,0,89.44,1,325.70,2,127.97,1,111.86
"11189",,0,,0,,0,531.31,2,161.82,1,177.64,1,
"11190",,0,89.73,1,1828.06,1,154.36,2,93.07,1,62.25,1,
"11191",3741.72,13,1168.83,8,3254.08,13,4093.97,18,2255.81,15,1879.03,12,4465.55
"11192",16824.63,83,13605.43,62,15488.49,95,10210.88,67,9785.06,60,11086.23,68,10756.91
"11193",1073.23,2,1384.93,6,10539.25,9,2734.08,12,1874.87,13,2787.10,14,3157.44
"11194",,0,,0,141.77,1,,0,,0,657.74,4,301.43
"11195",964.80,2,,0,,0,,0,,0,,0,
"11197",10228.60,29,4499.03,21,10191.34,23,4030.03,21,4329.03,23,5077.98,26,4139.68
"11198",1288.92,6,457.62,4,690.45,5,537.77,4,525.08,4,785.88,6,547.27
"11200",554.83,3,764.59,4,1387.50,6,255.27,2,278.30,2,,0,437.47
"11202",218.34,1,3606.33,7,6375.02,16,3585.10,13,937.45,8,1767.54,12,6259.60
"11203",1006.32,6,1764.34,9,1826.01,10,1797.32,7,1014.73,6,1081.02,7,6187.11
"11206",2295.60,6,,0,,0,,0,,0,,0,
"11211",2104.26,10,578.65,5,1097.97,7,981.26,6,816.42,4,281.49,2,1031.87
"11214",2056.98,1,,0,608.52,1,188.28,1,,0,76.41,1,
"11215",298.94,3,91.95,1,,0,,0,,0,,0,
"11216",11756.15,46,,0,2552.28,19,2586.14,12,803.47,7,,0,
"11217",,0,,0,,0,,0,,0,,0,65646.48
"11218",,0,680.23,1,2094.40,6,12838.66,8,716.15,3,5559.09,17,7507.67
"11230",19638.08,67,5089.19,26,25563.87,95,16243.86,74,17026.85,77,18236.29,70,15732.79
"11233",4710.46,13,2547.73,10,879.05,6,1958.36,10,1217.46,6,205.06,1,671.88
"11238",1613.72,9,623.02,4,3149.12,9,1913.79,7,9967.69,7,3325.43,7,2615.47
"11240",5056.42,11,,0,9626.49,7,3198.96,6,2169.22,7,2617.13,5,358.02
"11243",969.21,3,256.98,1,1102.23,3,191.84,1,451.86,2,,0,1880.72
"11247",1386.62,4,,0,,0,,0,,0,,0,
"11249",5335.50,21,3692.53,16,4745.46,16,3999.31,24,4392.13,25,1633.21,10,5937.45
"11251",133.67,1,,0,,0,,0,,0,1434.49,2,
"11255",85923.01,233,37182.47,113,62505.44,205,91985.72,256,42797.84,178,48960.47,163,37195.62
"11257",4554.14,30,2501.05,21,4795.41,36,4010.82,29,3148.68,20,4849.47,29,2471.73
"11259",2317.42,13,3784.25,3,2449.40,18,2368.35,16,8816.08,20,2425.41,18,6693.41
"11260",,0,,0,,0,671.59,1,,0,,0,264.87
"11261",2820.02,1,,0,3011.35,3,,0,7877.79,2,1304.47,3,
"11272",439.16,2,,0,992.23,2,345.46,3,1489.60,6,466.14,3,572.79
"11273",21274.53,36,2037.42,7,10094.81,28,17495.75,37,7981.83,21,6962.76,30,7104.90
"11275",30875.99,119,14066.34,84,24871.86,152,23103.26,108,20992.80,112,13957.21,90,9280.13
"11276",1686.40,9,1208.49,7,3246.83,18,2727.17,15,4428.24,12,4636.57,11,2366.38
"11277",8290.56,44,5199.51,35,4933.93,35,6527.84,47,2890.46,21,623.55,4,2303.58
"11278",13821.92,72,8415.71,46,16088.46,80,15988.02,74,5000.23,32,11918.38,50,10530.53
"11281",,0,7244.27,2,2598.35,8,159.99,1,,0,,0,
"11282",21844.31,86,12968.57,48,28474.36,94,35466.05,84,21517.74,80,14210.16,86,11509.28
"11285",1556.31,9,2865.88,19,7117.54,20,3072.56,19,5597.43,29,6109.60,30,9803.64
"11288",6463.48,16,1512.11,9,1760.00,10,1014.57,8,636.39,4,451.82,4,806.66
"11290",1422.96,5,487.80,3,992.52,9,4144.42,29,6626.13,43,14004.82,57,12426.35
"11292",18187.66,48,13900.50,30,9835.44,45,7537.69,42,,0,11272.23,37,12440.59
"11294",161.94,1,1751.18,2,6408.42,3,695.64,3,511.45,4,207.67,2,1395.12
"11295",2086.72,2,131.22,1,1572.30,3,447.35,2,511.50,2,404.55,4,142.24
"11297",726.73,3,163.41,1,536.69,3,81.00,1,,0,413.23,2,528.62
"11298",211.93,3,9812.92,70,20813.59,114,14009.37,87,21534.64,138,27440.33,147,29668.41
"11299",54381.95,161,16844.25,70,23251.08,129,38164.44,138,38714.39,128,30269.43,151,44694.44
"11300",,0,139.59,1,148.23,1,,0,353.82,1,4037.91,3,2003.37
"11301",,0,1586.06,6,2764.63,11,2766.84,14,2253.88,9,1226.57,7,3822.59
"11302",78593.27,270,17126.89,70,29608.18,153,27703.37,141,35821.11,91,17516.23,91,20235.39
"11304",,0,,0,,0,,0,549.44,4,,0,
"11305",979.53,5,950.70,1,3712.79,2,1422.69,5,79.44,1,1600.27,4,1292.36
"11306",7542.30,28,3075.80,12,13035.22,31,2426.59,18,4103.63,17,3137.27,14,7387.30
"11309",21263.74,27,1841.34,8,29277.14,51,5119.58,24,13731.88,23,3723.14,15,10509.90
"11311",2718.65,5,3280.59,18,965.01,5,282.20,3,1759.05,3,1292.79,4,3573.37
"11312",72905.22,306,9430.90,60,50612.20,236,27258.74,151,18686.86,87,14898.72,76,19766.36
"11315",,0,,0,,0,107.48,1,113.73,1,4969.82,3,733.29
"11322",32396.39,43,8903.08,19,13374.47,20,20397.55,27,12646.79,20,2476.41,13,18763.69
"11325",79184.19,278,45811.20,187,71817.48,336,44337.17,257,43417.92,175,51120.64,238,54025.61
"11328",202.85,1,126.21,1,,0,,0,,0,,0,
"11329",170.73,1,78.57,1,132.88,1,137.43,1,204.24,2,194.56,2,153.08
"11330",12840.75,28,8427.67,17,9034.98,31,9008.99,29,5045.62,16,7661.17,25,8891.07
"11332",984.57,2,,0,103.86,1,86.91,1,,0,103.25,1,
"11335",16370.93,57,6048.36,41,13158.63,69,10527.54,67,11728.97,61,9515.74,69,10457.04
"11336",663.33,4,,0,243.10,2,1078.86,1,,0,,0,
"11337",3086.18,4,3723.15,4,4676.67,10,8054.09,12,1272.09,4,11906.76,14,2280.18
"11341",202648.00,958,116971.57,714,151446.30,920,146215.29,934,134367.89,756,114021.50,673,113315.08
"11343",4538.78,14,535.04,3,3308.34,8,4436.49,9,376.31,2,808.01,3,113.71
"11346",6881.20,34,3109.76,25,14273.73,49,7869.97,42,7467.45,37,5055.67,30,10798.06
"11347",,0,797.49,3,1538.19,2,4861.81,14,777.98,3,,0,1108.11
"11349",30162.94,71,10255.33,30,11739.75,47,3470.49,19,6510.07,29,5718.76,30,4031.41
"11353",142.61,1,,0,,0,,0,1076.37,2,35.50,1,126.65
"11354",2444.87,2,,0,,0,99.95,1,7448.34,3,,0,937.51
"11355",,0,,0,46.14,1,,0,,0,,0,
"11357",132801.63,702,114546.08,701,229542.75,1394,154255.22,949,113977.52,672,162312.26,960,163588.87
"11360",21706.08,42,9970.87,29,8849.22,34,7611.21,25,7999.05,30,12800.44,43,14659.97
"11365",5833.90,8,,0,1592.22,6,1728.41,7,,0,1513.13,6,280.03
"11366",182.60,1,645.17,2,157.30,1,164.32,1,940.46,2,206.61,1,385.50
"11368",,0,,0,,0,88.31,1,,0,,0,425.56
"11369",247594.52,938,116625.67,446,206532.11,944,152856.19,820,111248.68,499,124048.15,551,121863.52
"11370",112.94,1,,0,,0,1617.82,1,,0,,0,
"11374",386.22,3,,0,314.45,2,2183.02,5,165.71,1,739.81,3,551.57
"11376",10920.02,19,3781.82,7,14517.68,29,5022.92,19,4372.39,21,4929.28,15,16849.38
"11377",,0,5217.61,5,3058.49,7,1244.67,7,1096.39,4,729.98,4,1115.02
"11381",,0,,0,,0,,0,,0,31876.07,161,32958.03
"11384",31185.03,141,8520.22,47,21737.30,119,22934.34,114,8330.51,48,17820.29,109,17472.86
"11386",7528.56,12,6790.57,7,6498.73,11,13033.96,12,6055.43,13,1472.71,6,7124.54
"11388",1150.54,6,1788.14,7,1440.13,5,1714.06,8,1053.69,6,2625.32,10,1237.12
"11390",3757.84,16,3102.74,14,4677.47,24,5226.32,18,8687.77,21,2372.53,13,3469.63
"11391",3874.21,21,1089.77,5,16963.00,16,5289.51,13,1022.38,4,2283.72,8,1032.51
"11392",59768.95,283,22062.24,127,87418.01,461,92153.77,489,84221.68,475,122127.63,618,96463.07
"11395",23544.45,5,,0,,0,,0,,0,,0,26.82
"11396",229.05,1,226.27,2,250.54,2,614.32,4,399.55,3,267.77,2,214.95
"11398",366.33,1,215.40,1,,0,348.20,3,,0,,0,
"11402",1365.44,6,,0,,0,,0,,0,,0,
"11404",1009.54,4,1100.47,4,12117.75,18,2898.88,13,3977.91,13,1716.73,8,834.84
"11405",,0,888.77,2,1102.62,3,730.84,2,,0,864.03,1,
"11407",48351.06,136,31223.09,93,53391.37,143,50921.37,175,42463.02,140,49938.13,153,61538.41
"11408",,0,13306.14,62,32633.83,145,27704.48,135,21641.74,107,29152.42,163,29838.29
"11410",23516.09,43,17343.87,33,18515.62,35,29463.46,31,12785.28,14,12736.50,24,13509.21
"11411",9952.65,19,4323.00,13,4510.02,12,2720.85,17,8994.92,13,7935.85,11,1727.11
"11412",3738.09,21,3815.60,22,4180.29,22,5993.41,34,5633.14,28,7790.73,48,14291.23
"11413",1000.17,2,,0,,0,,0,,0,,0,
"11414",6697.41,16,2170.45,2,3012.46,13,1652.63,5,5549.21,11,1885.80,10,1605.02
"11415",6294.33,6,242.75,1,3450.11,10,8544.57,7,2018.66,6,5374.22,11,570.78
"11416",3934.18,13,3414.33,8,5969.01,25,7599.14,26,17894.58,23,5794.78,15,4517.97
"11417",6411.94,3,,0,,0,,0,,0,,0,
"11418",111.78,1,307.76,2,221.06,1,576.63,1,2061.95,1,1393.86,7,2109.12
"11422",10852.16,12,2121.55,8,13225.47,18,12457.56,13,8863.80,11,23874.26,14,12007.53
"11425",43670.87,125,4714.37,18,26273.22,81,31620.54,124,30331.61,110,36923.78,90,34026.34
"11425.01",,0,3522.78,15,,0,,0,,0,,0,6234.40
"11426",920.67,3,,0,,0,,0,151.99,1,177.73,1,224.89
"11428",15486.66,27,5865.92,10,5425.45,18,4969.56,23,3577.75,14,4662.09,18,11120.35
"11430",,0,,0,,0,,0,4915.28,30,19706.20,122,24215.22
"11432",19455.04,23,3021.00,6,13668.72,32,4851.24,14,12204.54,23,9149.36,17,6328.88
"11433",119505.80,555,39508.34,236,81095.62,455,72346.89,417,71874.07,420,80726.09,416,77132.21
"11434",5812.43,27,503.53,3,5431.16,27,3412.20,27,2332.25,18,2460.88,19,478.65
"11439",,0,,0,398.80,2,,0,491.10,1,116.69,1,247.69
"11441",340.28,2,378.09,1,2222.76,3,146.54,1,,0,,0,
"11449",2565.12,9,,0,2295.55,4,5143.80,11,3006.36,17,1594.41,12,4471.67
"11452",776.19,3,5891.62,3,988.81,5,557.63,3,2179.17,10,56.62,1,651.93
"11457",4832.18,27,2664.67,14,10851.11,32,11089.31,31,6864.74,20,5893.17,26,8006.51
"11458",1234.75,7,526.44,3,1624.83,8,1339.58,5,,0,413.16,1,4167.61
"11459",272.50,2,232.26,2,468.94,3,537.44,3,100.94,1,419.02,2,801.08
"11462",13990.36,81,25649.68,60,10766.67,55,10499.21,49,3486.79,22,7213.23,21,3797.55
"11463",15129.20,24,355.84,2,5330.43,27,,0,,0,,0,
"11469",,0,,0,,0,,0,294.89,1,,0,
"11485",6111.62,12,7516.73,15,2480.78,17,3206.14,22,3898.58,19,1438.88,10,1730.35
"11488",11879.85,25,2559.64,9,16458.30,25,10545.50,17,5920.29,17,3346.06,7,1735.55
"11499",,0,,0,,0,,0,,0,,0,
"11504",714.24,4,466.66,2,,0,,0,,0,,0,
"11505",,0,,0,900.43,8,330.69,2,780.11,6,354.24,4,
"11506",14546.81,43,3292.65,19,5307.20,34,6058.00,35,7864.11,29,4230.13,26,5356.62
"11510",,0,,0,604.16,1,1427.95,2,131.47,1,,0,308.30
"11514",3024.14,9,1316.37,8,16263.98,8,2457.85,11,1242.59,7,2250.48,10,2150.90
"11517",,0,,0,712.21,4,125.79,1,,0,,0,
"11518",51289.03,269,14676.25,55,54258.18,225,27232.90,153,23990.57,135,36892.41,168,30324.02
"11524",3126.75,13,4396.93,14,4187.37,21,4309.20,13,10206.09,20,3777.85,21,3728.74
"11528",653.75,3,,0,,0,,0,,0,,0,
"11533",3262.86,20,1094.88,7,6458.12,49,5433.73,39,5060.47,31,6765.78,44,6198.07
"11535",,0,82.88,1,109.24,1,121.27,1,110.58,1,115.08,1,
"11536",,0,,0,,0,,0,82.34,1,,0,100.52
"11542",1178.35,4,1245.87,3,3016.34,16,1762.96,16,1669.08,7,2624.12,12,4544.68
"11545",2546.24,2,,0,197.90,1,,0,,0,,0,
"11555",10148.27,16,6335.79,10,10971.80,23,6844.97,15,4382.98,12,4087.15,17,4641.93
"11564",4460.63,19,1343.75,10,2446.08,15,2268.29,12,827.24,6,1120.70,8,2100.09
"11566",6136.71,41,3173.12,42,8523.56,75,1415.38,15,3085.14,37,3205.65,31,5171.85
"11567",28823.88,37,14447.86,38,25255.98,52,20637.62,49,39183.73,54,25432.63,44,14425.44
"11572",13202.03,8,2766.88,8,5626.69,14,9525.97,11,473.04,3,5671.79,9,1541.29
"11573",,0,292.02,2,,0,,0,,0,,0,
"11581",106241.29,312,39440.43,128,83525.14,328,65474.62,298,50391.61,221,55214.83,213,44237.29
"11586",965.41,5,235.99,2,1084.51,8,1577.08,8,359.19,3,683.96,3,324.17
"11595",28862.57,173,,0,,0,,0,,0,,0,
"11613",4273.58,7,484.97,3,6139.04,8,3240.62,15,3705.65,12,3033.37,8,2237.91
"11621",1313.48,5,196.58,2,738.11,5,523.05,3,274.47,2,1359.71,7,920.63
"11623",16556.34,39,7747.59,9,16326.64,40,17839.74,48,9062.99,20,12044.09,30,17160.98
"11625",1496.88,5,,0,1548.48,3,7572.32,14,,0,,0,
"11626",1140.22,2,662.14,2,,0,,0,,0,,0,
"11627",4994.41,1,1923.84,2,1695.92,1,,0,764.25,1,2897.19,4,1803.57
"11631",12981.61,27,7047.65,16,17434.62,66,23014.55,70,12240.40,56,18005.86,72,9735.82
"11632",3576.10,19,2641.58,15,16618.31,64,3867.27,22,1794.00,10,4065.30,14,2866.88
"11634",13327.73,24,6481.17,7,7229.64,20,2458.47,10,7055.47,12,122.13,1,2420.84
"11635",,0,83.72,1,1133.11,4,,0,,0,,0,
"11637",,0,,0,2154.97,9,1945.05,13,397.97,3,,0,
"11641",3638.84,3,362.87,3,,0,258.86,1,,0,357.64,2,125.49
"11643",1299.04,6,23399.71,3,821.94,7,1226.95,3,222.40,2,2728.20,6,165.48
"11645",,0,,0,,0,804.10,1,,0,,0,724.38
"11651",15648.25,46,4370.37,23,12655.66,36,9883.36,51,2893.49,24,4272.50,25,10165.08
"11655",,0,1380.15,8,8237.09,40,12857.87,60,10104.07,60,13050.00,68,6803.46
"11656",779.01,7,,0,271.34,2,,0,562.08,4,124.78,1,
"11658",882.04,7,746.53,5,491.35,4,,0,,0,,0,
"11660",134.04,1,1561.83,3,1520.36,9,,0,,0,,0,
"11666",,0,,0,,0,1424.84,1,265.42,1,416.74,2,
"11668",196.78,1,,0,178.58,1,,0,,0,,0,
"11674",,0,,0,211.01,1,,0,,0,,0,
"11675",2655.42,5,609.55,4,278.79,1,3571.09,9,6668.09,8,1855.40,3,1561.20
"11678",,0,343.78,2,150.43,2,892.16,4,478.68,4,,0,
"11679",8865.07,37,1691.12,8,16230.57,70,13878.49,50,6774.86,33,4428.11,31,13086.35
"11684",74.89,1,3024.85,4,520.18,4,1893.98,2,2738.96,2,449.37,3,470.18
"11685",18293.28,22,5356.76,9,9701.79,14,5142.63,10,16516.86,14,10008.44,12,8211.61
"11690",,0,12229.79,68,21380.97,115,3572.66,24,2203.05,18,2638.64,15,1378.50
"11693",426.37,2,,0,568.94,2,285.08,1,,0,,0,
"11694",11992.61,27,2413.17,9,2927.76,11,1610.73,11,2644.19,13,1583.05,9,1638.62
"11699",12569.88,91,7783.31,62,25694.38,156,26335.19,169,18771.24,113,12923.87,84,15019.87
"11700",10700.19,32,3692.92,14,6904.00,29,851.40,4,5277.66,16,1146.02,7,1674.39
"11702",,0,,0,,0,,0,841.28,9,,0,
"11703",13976.74,50,8876.70,52,100.38,1,,0,119.72,1,,0,
"11704",,0,670.35,1,,0,,0,,0,,0,256.14
"11705",30969.73,122,12849.79,64,19080.06,104,22218.12,118,21115.16,115,26959.14,127,22923.42
"11707",,0,,0,,0,462.31,1,,0,,0,840.76
"11708",20774.89,54,18087.63,53,22401.98,87,26459.06,99,16726.80,80,28963.95,84,26707.67
"11710",731.84,5,253.97,2,225.20,2,,0,,0,,0,
"11716",8260.82,11,803.34,3,1261.14,8,8468.26,8,818.82,4,1129.97,6,10776.61
"11717",7687.27,17,8575.10,12,7505.41,22,11802.30,20,25948.00,29,21079.41,22,8417.02
"11718",,0,504.34,2,106.59,1,,0,,0,,0,
"11719",2006.91,2,373.64,1,611.41,3,120.56,1,,0,119.36,1,255.64
"11722",87599.81,245,53007.04,155,74458.72,300,103279.89,482,95616.95,457,151462.07,528,167191.72
"11723",39.59,1,,0,,0,,0,34.46,1,,0,
"11727",2868.96,13,7499.10,12,5212.92,28,9940.18,26,5964.34,15,2878.10,11,2241.50
"11728",2682.21,12,7595.24,4,2145.52,12,4167.21,18,1998.11,14,2032.51,13,1999.66
"11729",6843.22,38,11459.01,36,92679.01,313,45852.49,161,44865.47,148,37367.15,161,49802.86
"11733",3293.71,6,3587.99,4,4048.26,9,8407.18,5,16893.49,7,8559.88,18,5783.50
"11735",,0,5876.44,39,20452.60,67,11535.70,55,19632.75,76,15851.85,86,21986.70
"11737",,0,65.76,1,1382.43,1,2671.84,9,1655.06,2,102.31,1,
"11740",9473.52,26,4031.13,17,15927.72,65,12366.21,72,1704.23,2,8709.09,57,9910.94
"11741",,0,,0,,0,98.01,1,,0,,0,
"11742",10985.22,44,4201.03,20,9345.45,55,5999.01,36,4486.65,25,4363.57,24,4894.43
"11745",520.69,4,,0,,0,,0,,0,,0,
"11747",137430.62,706,81272.19,529,150966.55,860,137622.32,853,126611.21,745,113033.57,664,133495.02
"11749",21328.83,89,8834.14,41,17270.52,80,23184.49,80,18495.42,74,15632.11,60,12018.54
"11751",,0,,0,,0,,0,105.43,1,,0,
"11752",237.13,1,,0,,0,,0,,0,,0,
"11754",,0,,0,,0,,0,83.99,1,,0,
"11756",608.93,3,,0,,0,,0,,0,,0,
"11759",412.96,2,917.58,2,276.63,1,4244.10,12,2758.99,5,1101.30,3,2660.55
"11761",,0,,0,1598.75,2,,0,,0,,0,
"11765",154830.98,767,121605.33,803,213100.76,1299,172726.33,1112,156754.49,981,168849.03,1146,245370.76
"11772",7607.91,22,3385.71,19,7799.40,27,8666.84,26,8255.82,19,5005.58,29,
"11776",159135.92,392,85484.33,308,120512.00,517,150492.39,582,109899.12,573,122980.14,592,136815.18
"11787",3907.61,19,453.44,4,2395.95,20,2330.92,20,1981.74,16,2103.27,17,2069.13
"11789",,0,,0,,0,365.27,2,,0,,0,
"11790",988.16,4,102.55,1,784.05,5,,0,808.21,4,,0,299.97
"11793",,0,,0,2309.12,6,,0,,0,,0,
"11795",2996.57,10,4462.16,7,1077.67,8,1586.57,9,928.89,8,1437.32,11,1378.58
"11800",,0,,0,83.02,1,161.03,1,226.38,3,603.09,2,1088.01
"11805",6662.27,8,,0,256.09,2,953.87,3,1735.29,4,3791.09,12,876.26
"11807",20559.75,61,5628.20,18,20383.07,49,8241.31,46,16433.18,40,9631.56,46,11801.49
"11808",,0,,0,,0,308.01,1,,0,,0,
"11817",140712.94,390,98792.23,260,181245.34,543,154548.00,544,154937.34,474,125702.82,544,171340.14
"11818",26568.70,179,14582.45,108,25397.75,128,9693.67,70,6373.66,49,7449.41,36,6288.93
"11820",2735.81,1,,0,,0,,0,,0,,0,
"11821",2816.86,1,,0,136.97,2,727.95,1,,0,,0,102.09
"11822",1680.19,3,2134.95,13,5606.98,26,1430.86,9,246.65,3,,0,
"11830",35271.55,281,28713.76,242,13880.17,118,,0,,0,,0,
"11831",391.57,2,211.15,1,167.42,1,292.50,2,202.89,2,,0,354.79
"11835",,0,,0,3179.46,1,,0,,0,679.70,1,
"11839",1651.65,16,263.30,3,97.79,1,,0,,0,,0,
"11840",6469.00,18,,0,,0,,0,,0,,0,
"11841",,0,16266.98,75,20551.80,122,25148.40,172,25580.60,160,36236.60,229,31646.40
"11846",,0,230.53,1,510.68,3,185.48,2,10518.73,2,662.76,1,375.54
"11855",1640.71,5,518.51,3,,0,4059.43,7,2556.63,11,2223.37,9,483.17
"11856",,0,,0,,0,,0,,0,2455.56,5,
"11858",996.44,6,11176.27,15,22069.11,43,33203.64,52,10121.80,40,13978.15,44,18113.79
"11863",1938.38,10,1223.60,10,9850.06,16,2809.84,16,4091.97,18,2085.69,15,2363.53
"11864",117763.96,453,149704.81,833,630231.31,3740,574382.12,3711,561622.60,3461,506489.19,3410,573497.95
"11866",5901.36,13,4420.65,13,5341.56,19,1513.45,9,1991.18,7,3016.93,17,5857.67
"11867",25198.19,7,938.00,3,815.21,3,1128.90,7,796.35,2,1749.24,8,501.64
"11870",389.15,1,,0,,0,,0,,0,,0,
"11874",805.37,7,416.10,3,1025.30,9,628.30,7,,0,182.93,2,630.93
"11877",3569.26,13,668.29,4,1619.97,8,2618.17,7,345.52,3,1426.35,5,2048.55
"11879",9001.81,44,7928.43,51,38472.29,273,7689.25,52,8005.71,51,9905.89,54,4385.47
"11884",21962.43,65,10619.98,38,21245.05,86,18186.21,77,12215.59,46,15830.60,72,12317.53
"11886",315.28,1,,0,,0,,0,,0,,0,
"11889",11131.24,36,16850.09,70,29088.67,122,26742.55,140,33900.45,146,34611.55,152,29372.19
"11890",2207.59,9,,0,,0,,0,211.84,1,,0,
"11892",10333.01,34,2689.68,16,5054.17,35,11551.31,50,5807.75,34,215.78,2,7387.03
"11894",432.75,1,,0,,0,,0,,0,,0,
"11895",,0,472.47,3,1910.67,12,6900.94,19,3442.83,22,3644.22,16,1811.55
"11896",1031.74,6,131.44,1,,0,,0,,0,,0,
"11898",54.92,1,,0,,0,,0,,0,,0,
"11901",4293.64,11,117.34,1,,0,245.35,2,,0,593.42,1,
"11902",,0,,0,1539.29,8,2895.27,20,4144.61,28,5667.00,29,9814.34
"11906",,0,623.85,1,,0,,0,,0,,0,
"11910",1038.99,3,9896.29,10,3346.10,10,2825.02,12,1674.02,10,1676.36,13,2515.42
"11913",8576.00,16,12642.96,22,12538.86,57,14714.04,45,14559.79,38,16761.95,58,13640.92
"11914",,0,3104.45,3,3755.32,7,127.36,1,427.50,1,96.97,1,650.95
"11915",,0,850.07,3,5618.17,5,2501.33,5,1624.46,2,2384.22,3,1925.66
"11919",1209.09,8,160.45,1,2287.63,12,511.22,5,502.67,4,178.13,1,171.06
"11922",1287.20,7,1009.03,6,1998.19,8,251.93,2,112.99,1,2287.00,17,2728.30
"11923",242.27,1,410.81,2,858.46,3,,0,,0,,0,
"11927",,0,,0,2868.68,3,,0,853.40,3,852.42,2,
"11928",15786.51,3,,0,,0,,0,9366.21,56,9357.48,55,8521.40
"11931",,0,987.14,6,1943.25,11,3247.81,12,1275.06,8,1300.02,7,4598.53
"11932",,0,6706.45,15,19718.81,50,10965.52,45,9742.70,31,5910.93,27,6610.68
"11933",,0,10590.37,5,5820.52,11,2547.64,10,26100.57,44,2227.88,13,3491.98
"11936",2325.85,13,2381.56,11,17990.13,82,21578.31,110,16698.43,71,3444.65,19,4001.40
"11937",,0,,0,214.53,1,,0,215.36,1,,0,
"11938",122.56,1,577.73,2,2963.80,7,1623.00,7,509.07,5,634.07,4,1853.70
"11939",,0,750.23,4,,0,,0,,0,,0,
"11940",,0,,0,2569.94,1,573.08,1,,0,,0,
"11942",,0,688.55,1,,0,1666.11,11,,0,,0,143.07
"11943",230.54,1,331.39,3,440.54,4,297.91,2,657.35,3,121.39,1,300.45
"11946",1554.53,10,264.83,2,170.57,1,160.53,1,241.64,1,,0,
"11948",,0,6181.42,33,17388.20,95,28603.25,113,12023.46,40,21317.21,122,24009.90
"11952",1989.74,6,3214.35,6,4888.06,8,3445.90,11,2379.84,8,3714.36,11,11017.65
"11954",318.86,2,,0,,0,,0,,0,,0,
"11955",91.57,1,,0,1209.12,1,1494.01,1,1195.18,1,271.06,1,11620.11
"11956",,0,,0,,0,,0,1857.06,6,631.96,3,1265.47
"11957",4154.87,13,1464.78,4,4712.87,20,8260.50,30,4238.49,18,4231.08,21,9216.22
"11959",10348.28,83,13659.69,96,22629.82,147,14834.78,143,21514.03,157,25516.89,188,13013.83
"11960",1080.75,5,4376.47,8,830.97,4,1480.27,5,1120.72,3,1842.32,4,7249.50
"11965",,0,,0,358.01,2,348.22,3,205.08,2,87.28,1,
"11966",,0,,0,,0,208.16,1,,0,,0,218.64
"11968",3888.56,6,6467.63,10,8551.39,31,10997.70,34,7522.64,19,5389.10,21,4854.75
"11969",,0,,0,,0,,0,797.52,3,359.39,3,121.45
"11970",807.82,6,,0,,0,,0,,0,,0,
"11971",,0,58.86,1,264.71,2,,0,45.45,1,,0,
"11974",150.67,1,275.96,3,3052.46,9,1461.65,10,318.96,3,,0,
"11978",,0,600.90,1,525.45,3,1948.76,4,2950.27,3,1256.36,7,1052.48
"11979",4859.92,17,2047.90,15,826.59,6,596.35,4,,0,,0,
"11980",,0,,0,732.63,5,527.50,1,445.66,3,851.36,3,
"11982",222.14,2,16937.56,130,71896.10,512,6744.62,29,16261.79,105,2689.75,21,17323.10
"11984",,0,,0,269.91,1,,0,,0,,0,
"11985",,0,8937.81,15,3393.70,14,6325.40,14,1152.18,8,2481.33,13,1497.32
"11990",,0,,0,155.91,1,151.51,1,275.77,2,217.92,1,11931.32
"11992",,0,6016.62,19,8378.90,46,13206.61,48,30101.49,70,35270.41,90,23892.21
"11993",,0,111.12,1,412.36,1,1464.08,9,420.55,3,328.59,2,314.64
"11995",,0,116.71,1,76.81,1,129.22,1,,0,,0,
"11997",,0,,0,,0,9411.47,4,,0,767.30,2,442.82
"12003",,0,176.27,1,,0,,0,,0,,0,
"12005",,0,94.59,1,2238.16,3,,0,,0,,0,
"12007",,0,,0,5851.93,20,188.01,1,,0,5641.16,9,
"12008",,0,323.59,2,1352.91,7,549.23,6,,0,,0,
"12011",,0,,0,2327.48,7,286.14,5,,0,,0,
"12013",,0,2143.67,2,,0,,0,,0,,0,
"12014",,0,14205.69,44,225.21,1,15617.43,85,12098.90,79,710.66,6,14595.85
"12016",,0,107.59,1,973.03,4,1161.38,5,860.74,2,,0,120.88
"12017",,0,29857.47,207,10353.81,73,,0,31659.10,202,50282.59,271,102341.44
"12018",,0,1574.28,13,2910.51,21,5220.18,27,1277.39,11,3357.24,22,5553.90
"12019",,0,,0,11167.41,85,13177.92,99,2632.21,27,62415.71,459,78440.65
"12021",,0,,0,,0,,0,,0,2970.83,11,1902.37
"12022",,0,1088.37,1,,0,974.63,1,409.32,1,1963.98,1,
"12023",,0,336.74,1,,0,477.89,4,277.87,2,339.55,2,120.66
"12024",,0,,0,6988.77,42,10031.96,77,14013.01,93,9335.34,72,12867.56
"12025",,0,4600.87,32,15593.58,80,17203.93,71,13624.25,57,13999.95,62,16271.00
"12026",,0,,0,31609.84,190,20375.57,148,14147.90,109,13920.39,107,18010.32
"12030",,0,237.66,1,13974.58,17,9723.62,20,2772.27,12,2565.15,10,10714.47
"12035",,0,3352.02,18,8423.94,35,6208.08,27,1386.89,8,2367.18,7,7440.80
"12037",,0,,0,,0,793.48,6,,0,,0,
"12038",,0,723.38,5,2741.29,11,1077.95,7,3088.86,9,8426.27,13,891.66
"12040",,0,,0,183.64,1,,0,,0,,0,
"12041",,0,1085.35,5,440.26,3,466.58,2,458.42,4,1263.21,5,1517.60
"12042",,0,6179.55,35,9916.25,55,10734.23,64,5767.48,36,10696.01,56,10250.49
"12045",,0,713.15,1,653.40,5,2101.98,7,239.38,2,1180.82,5,235.60
"12047",,0,5221.36,7,44625.46,82,19832.41,117,30527.85,104,37426.68,121,26424.50
"12048",,0,387.36,2,132.65,1,352.63,2,,0,,0,
"12049",,0,10856.83,68,16035.61,116,14398.94,112,9364.83,66,5567.70,39,12205.87
"12050",,0,18222.44,58,16806.24,108,23909.15,101,12418.63,82,16920.56,99,18112.47
"12052",,0,,0,970.08,4,12334.61,36,27290.00,41,9294.19,18,4970.20
"12055",,0,955.72,1,,0,,0,,0,,0,
"12056",,0,2926.87,3,34241.42,50,23028.16,39,15344.16,43,19021.27,53,19546.85
"12060",,0,3217.94,2,25790.08,5,121.20,1,,0,,0,663.05
"12061",,0,,0,7769.21,50,1224.94,8,341.46,1,253.42,1,1031.31
"12066",,0,,0,8343.48,39,6681.26,39,6287.95,38,6489.79,43,3279.76
"12067",,0,397.92,3,2685.90,12,2391.24,14,1255.75,8,1653.21,10,1246.26
"12068",,0,4164.18,4,347.77,1,120.61,1,478.70,1,929.79,4,
"12069",,0,8377.41,51,22056.28,124,15222.43,103,24654.99,140,21686.56,149,34267.08
"12072",,0,2583.98,8,11255.06,30,20989.52,50,14515.38,33,14638.84,65,25449.65
"12073",,0,617.89,4,4102.41,9,2779.86,7,721.40,3,,0,
"12077",,0,256.79,4,1082.71,11,501.43,5,,0,,0,
"12078",,0,1140.73,10,1442.17,15,,0,,0,,0,
"12081",,0,,0,,0,,0,,0,,0,1427.45
"12087",,0,,0,,0,,0,103.83,1,,0,5455.64
"12088",,0,,0,7358.13,27,9236.89,27,9222.48,25,16197.49,42,10569.57
"12090",,0,,0,8431.18,12,2192.79,6,1617.33,2,3820.43,2,410.17
"12093",,0,,0,,0,3352.01,8,5030.37,4,694.02,3,3198.48
"12094",,0,,0,84.66,1,,0,,0,,0,
"12097",,0,,0,1518.99,1,575.03,2,1796.76,5,2353.97,7,1550.25
"12098",,0,,0,2889.23,4,759.59,1,110.78,1,2992.65,4,2751.29
"12099",,0,,0,,0,159.34,1,,0,,0,
"12102",,0,,0,15419.34,78,28069.87,96,13375.37,87,9759.66,57,4876.66
"12103",,0,,0,,0,1026.37,3,2142.02,11,1493.31,9,519.35
"12105",,0,,0,,0,,0,152.55,1,,0,
"12106",,0,,0,184.12,2,1640.54,9,726.76,6,2743.95,14,1020.37
"12107",,0,,0,,0,,0,,0,120.73,1,609.36
"12109",,0,,0,571.98,3,2054.29,11,3296.12,14,5432.09,9,3717.88
"12110",,0,,0,1450.33,8,344.30,4,246.60,2,1451.75,6,2325.27
"12112",,0,,0,1758.16,5,730.16,2,376.04,2,1571.65,7,536.28
"12113",,0,,0,11542.82,52,11349.58,52,12446.31,43,15205.14,52,15964.56
"12114",,0,,0,,0,9519.82,52,15504.95,49,12879.21,45,16985.62
"12119",,0,,0,,0,,0,,0,7478.40,3,302.66
"12121",,0,,0,42411.71,244,46252.57,241,58604.52,297,64613.59,310,78817.61
"12124",,0,,0,2949.39,8,1751.31,8,7805.41,12,9982.57,14,2299.58
"12126",,0,,0,,0,721.38,8,,0,,0,
"12128",,0,,0,1793.06,18,47.41,1,490.18,4,1588.23,16,2319.00
"12129",,0,,0,125.95,1,,0,,0,,0,
"12130",,0,,0,7983.33,45,7062.72,31,3911.29,18,957.76,7,856.01
"12131",,0,,0,10456.55,15,4140.38,6,5095.04,2,175.65,2,641.32
"12132",,0,,0,58.59,1,,0,,0,,0,
"12133",,0,,0,388.24,2,,0,,0,,0,
"12135",,0,,0,1636.21,3,,0,1262.38,4,962.92,1,
"12139",,0,,0,,0,,0,4028.16,25,15272.41,99,15730.50
"12140",,0,,0,383.83,1,763.93,4,330.00,2,1642.16,6,1503.71
"12142",,0,,0,728.75,3,7071.04,14,4072.05,10,2177.08,10,2769.89
"12143",,0,,0,,0,9769.12,41,59651.72,147,16521.57,124,26564.14
"12144",,0,,0,376.60,2,447.74,2,,0,,0,
"12145",,0,,0,762.00,2,2057.94,9,4726.43,14,5440.11,33,8792.44
"12146",,0,,0,478.02,4,871.91,8,,0,,0,
"12148",,0,,0,1071.95,5,2964.33,25,4482.91,26,1123.32,4,
"12149",,0,,0,203.79,1,936.77,2,102.54,1,,0,196.57
"12152",,0,,0,135.58,1,2761.41,3,449.20,3,86.25,1,
"12153",,0,,0,1855.18,16,7775.23,49,6353.40,34,8233.43,42,8568.91
"12155",,0,,0,5573.25,10,2105.78,12,1379.02,7,2558.55,3,204.30
"12156",,0,,0,161.43,1,,0,116.11,1,445.36,3,875.18
"12160",,0,,0,1269.96,6,1118.17,7,,0,,0,
"12162",,0,,0,,0,557.12,2,,0,195.26,1,317.53
"12163",,0,,0,,0,,0,1827.39,4,,0,
"12165",,0,,0,467.79,1,,0,,0,,0,
"12167",,0,,0,,0,7542.97,5,216.64,1,549.48,3,2064.21
"12168",,0,,0,270.39,1,,0,512.47,1,,0,
"12171",,0,,0,,0,,0,743.60,2,321.44,2,285.17
"12172",,0,,0,,0,679.08,3,,0,972.04,5,1772.51
"12174",,0,,0,,0,9181.37,73,12974.53,95,11562.20,86,17505.19
"12175",,0,,0,,0,31049.08,212,14199.41,95,20838.86,149,28191.49
"12176",,0,,0,,0,228.18,1,446.11,3,602.62,4,561.79
"12177",,0,,0,,0,,0,2225.88,13,2149.31,15,3822.15
"12178",,0,,0,,0,429.31,1,134.28,1,,0,
"12180",,0,,0,,0,350.68,1,149.65,1,184.05,1,250.31
"12181",,0,,0,,0,2126.27,11,1040.62,8,1657.31,12,2045.48
"12182",,0,,0,,0,9922.57,26,9513.82,26,4531.53,16,2677.94
"12183",,0,,0,,0,7101.41,43,1189.75,5,149.78,2,
"12186",,0,,0,,0,33005.75,144,167.07,2,14061.85,68,2986.21
"12188",,0,,0,,0,,0,315.02,1,,0,
"12189",,0,,0,,0,4336.90,1,1284.37,1,3137.89,1,518.42
"12190",,0,,0,,0,42.78,1,,0,,0,
"12191",,0,,0,,0,75.91,1,737.37,2,177.63,1,2356.76
"12193",,0,,0,,0,445.16,2,2820.78,18,5524.73,29,5581.08
"12194",,0,,0,,0,11269.83,58,15413.56,64,11080.90,71,8881.52
"12195",,0,,0,,0,1073.23,9,169.49,1,4798.84,21,7368.76
"12199",,0,,0,,0,9715.64,80,6251.25,53,15216.06,146,21823.75
"12200",,0,,0,,0,957.35,1,,0,,0,
"12206",,0,,0,,0,2473.12,12,3661.91,16,2682.74,17,3311.97
"12207",,0,,0,,0,,0,,0,8530.75,10,10359.17
"12208",,0,,0,,0,,0,2905.34,9,214.42,2,6521.20
"12212",,0,,0,,0,313.87,1,251.31,1,,0,
"12213",,0,,0,,0,469.65,3,,0,,0,
"12215",,0,,0,,0,,0,,0,188.90,1,
"12216",,0,,0,,0,1192.69,9,,0,,0,
"12221",,0,,0,,0,,0,144.34,1,280.93,1,1313.05
"12222",,0,,0,,0,,0,2048.10,16,3834.91,27,4424.31
"12224",,0,,0,,0,282.58,1,,0,,0,1598.58
"12226",,0,,0,,0,,0,6374.92,36,3218.12,21,182.46
"12227",,0,,0,,0,,0,,0,9898.27,8,9685.24
"12228",,0,,0,,0,,0,196.76,1,170.04,1,127.67
"12229",,0,,0,,0,1362.64,3,8281.88,16,30944.45,37,16996.94
"12233",,0,,0,,0,,0,847.35,6,989.74,5,1719.67
"12234",,0,,0,,0,,0,,0,245.80,1,262.41
"12236",,0,,0,,0,,0,,0,,0,2104.04
"12237",,0,,0,,0,,0,6616.55,12,,0,
"12238",,0,,0,,0,,0,,0,,0,246.03
"12241",,0,,0,,0,,0,3596.10,13,476.55,3,2818.36
"12245",,0,,0,,0,,0,3886.59,21,2707.54,16,3586.35
"12246",,0,,0,,0,,0,5645.69,5,2481.47,4,1897.86
"12247",,0,,0,,0,,0,,0,18012.39,52,13945.12
"12248",,0,,0,,0,,0,,0,,0,2046.55
"12249",,0,,0,,0,,0,582.22,6,9130.61,16,688.83
"12254",,0,,0,,0,,0,857.13,2,,0,
"12255",,0,,0,,0,,0,98.86,1,,0,
"12258",,0,,0,,0,,0,3273.83,17,7595.58,14,14018.88
"12263",,0,,0,,0,,0,14779.12,34,5195.21,30,6233.43
"12266",,0,,0,,0,,0,,0,293.52,2,176.54
"12269",,0,,0,,0,,0,216.72,1,,0,
"12270",,0,,0,,0,,0,4044.37,14,1994.27,7,2954.68
"12272",,0,,0,,0,,0,115.31,1,,0,
"12273",,0,,0,,0,,0,194.11,1,,0,
"12275",,0,,0,,0,,0,,0,,0,7769.27
"12276",,0,,0,,0,,0,714.13,5,4632.09,29,6963.07
"12277",,0,,0,,0,,0,664.15,4,696.09,4,3662.57
"12284",,0,,0,,0,,0,990.84,5,1581.10,10,554.83
"12286",,0,,0,,0,,0,,0,181.57,1,4919.79
"12288",,0,,0,,0,,0,182.98,3,148.83,3,
"12290",,0,,0,,0,,0,,0,11325.06,63,19185.71
"12292",,0,,0,,0,,0,181.88,1,,0,56.43
"12294",,0,,0,,0,,0,,0,8340.43,40,13602.15
"12296",,0,,0,,0,,0,,0,1259.16,6,2834.70
"12297",,0,,0,,0,,0,,0,6011.26,15,2714.94
"12298",,0,,0,,0,,0,,0,2990.57,7,1344.58
"12302",,0,,0,,0,,0,,0,,0,331.78
"12304",,0,,0,,0,,0,,0,1439.33,9,3582.26
"12305",,0,,0,,0,,0,,0,59230.55,353,64088.00
"12307",,0,,0,,0,,0,,0,,0,64.37
"12312",,0,,0,,0,,0,,0,14232.91,65,18408.97
"12313",,0,,0,,0,,0,,0,,0,13642.80
"12315",,0,,0,,0,,0,,0,10988.92,46,10906.57
"12316",,0,,0,,0,,0,,0,8106.54,21,6905.01
"12318",,0,,0,,0,,0,,0,12779.01,82,46418.41
"12320",,0,,0,,0,,0,,0,3336.12,12,9493.66
"12321",,0,,0,,0,,0,,0,130.62,1,15754.59
"12322",,0,,0,,0,,0,,0,1445.94,6,3809.55
"12323",,0,,0,,0,,0,,0,1313.09,1,
"12324",,0,,0,,0,,0,,0,553.96,4,837.47
"12325",,0,,0,,0,,0,,0,9750.63,66,30157.20
"12328",,0,,0,,0,,0,,0,,0,7858.90
"12331",,0,,0,,0,,0,,0,4920.00,39,5145.46
"12333",,0,,0,,0,,0,,0,488.68,3,596.94
"12334",,0,,0,,0,,0,,0,9036.66,44,5700.48
"12337",,0,,0,,0,,0,,0,1183.01,10,1757.92
"12339",,0,,0,,0,,0,,0,8045.51,51,7555.66
"12340",,0,,0,,0,,0,,0,352.84,3,299.54
"12341",,0,,0,,0,,0,,0,,0,112.35
"12343",,0,,0,,0,,0,,0,8451.94,29,2282.16
"12348",,0,,0,,0,,0,,0,1326.54,1,50.02
"12350",,0,,0,,0,,0,,0,1409.40,1,
"12352",,0,,0,,0,,0,,0,15928.42,47,13820.10
"12353",,0,,0,,0,,0,,0,3169.03,12,12540.75
"12354",,0,,0,,0,,0,,0,2747.10,1,
"12356",,0,,0,,0,,0,,0,301.39,3,
"12357",,0,,0,,0,,0,,0,184.99,2,
"12363",,0,,0,,0,,0,,0,,0,12049.65
"12368",,0,,0,,0,,0,,0,,0,452.48
"12371",,0,,0,,0,,0,,0,1346.79,6,10389.12
"12374",,0,,0,,0,,0,,0,,0,11442.25
"12375",,0,,0,,0,,0,,0,,0,138.15
"12379",,0,,0,,0,,0,,0,,0,813.05
"12381",,0,,0,,0,,0,,0,,0,273.65
"12387",,0,,0,,0,,0,,0,,0,7887.11
"12388",,0,,0,,0,,0,,0,,0,8031.16
"12391",,0,,0,,0,,0,,0,,0,61254.04
"12392",,0,,0,,0,,0,,0,,0,4230.95
"12393",,0,,0,,0,,0,,0,,0,130.27
"12398",,0,,0,,0,,0,,0,,0,7129.79
"12400",,0,,0,,0,,0,,0,,0,103.46
"12403",,0,,0,,0,,0,,0,,0,1943.09
"12407",,0,,0,,0,,0,,0,,0,793.11
"12408",,0,,0,,0,,0,,0,,0,1062.73
"12413",,0,,0,,0,,0,,0,,0,16605.12
"12417",,0,,0,,0,,0,,0,,0,865.64
"12420",,0,,0,,0,,0,,0,,0,232.56
"12421",,0,,0,,0,,0,,0,,0,325.44
"12429",,0,,0,,0,,0,,0,,0,694.08
"12430",,0,,0,,0,,0,,0,,0,773.47
"12432",,0,,0,,0,,0,,0,,0,364.14
"12434",,0,,0,,0,,0,,0,,0,1693.21
"12436",,0,,0,,0,,0,,0,,0,2980.48
"12437",,0,,0,,0,,0,,0,,0,8670.61
"12440",,0,,0,,0,,0,,0,,0,1971.47
"12445",,0,,0,,0,,0,,0,,0,941.78
"12446",,0,,0,,0,,0,,0,,0,313.77
"7000",14046.73,45,7390.65,36,11625.83,45,10139.80,50,19268.45,39,26153.97,38,5029.67
"7001",39669.21,217,17143.09,118,40690.02,269,37487.17,209,36288.35,212,34423.95,203,29918.91
"7004",,0,188.07,1,195.40,1,192.70,1,,0,,0,
"7006",2927.79,11,706.51,4,19203.99,10,3206.40,14,772.06,4,4027.51,13,5437.42
"7012",201510.44,842,87208.75,369,159161.57,789,150990.23,859,122439.50,555,131300.96,681,149091.37
"7013",9581.44,19,3492.30,8,2335.83,9,8185.15,15,2881.40,13,4127.42,19,5280.93
"7015",257.53,2,547.20,1,2058.84,6,1466.42,4,487.35,2,1626.90,5,1663.61
"7016",15235.45,57,9407.26,41,12902.58,54,16983.22,61,15169.60,63,13207.36,58,12437.57
"7025",29084.73,52,13966.24,27,22355.76,53,12731.96,38,26517.45,43,9599.69,33,8280.27
"7032",154296.62,577,80077.90,347,170349.22,716,86962.41,452,71913.63,346,81863.66,394,112017.90
"7039",2479.04,7,262.31,2,563.85,2,,0,133.63,1,320.30,1,
"7059",935.73,7,625.70,6,685.72,6,1304.95,10,1681.00,13,1546.89,11,2882.21
"7061",431.14,4,786.76,5,1000.82,4,,0,,0,,0,
"7088",,0,,0,,0,388.41,1,3509.62,2,,0,
"7111",48791.97,125,22531.76,55,57347.18,123,47539.74,114,41116.15,82,47841.35,112,38541.07
"7112",,0,,0,493.23,1,,0,,0,,0,
"7118",,0,,0,,0,,0,,0,,0,1509.23
"7129",10959.25,14,821.61,8,1389.07,9,1459.53,11,1344.67,11,997.39,9,1929.78
"7130",6308.65,32,3697.60,23,6764.61,40,4539.49,32,6747.50,40,4045.24,23,5272.12
"7134",995.30,7,3330.98,8,1645.39,4,1192.83,6,157.83,1,432.98,3,
"7142",120.55,1,188.87,1,,0,,0,,0,,0,
"7148",,0,,0,,0,282.19,1,,0,,0,
"7161",1214.48,2,377.93,1,404.70,3,663.13,4,,0,152.20,1,276.28
"7186",3860.81,9,295.92,1,2029.16,9,1152.16,6,5009.11,9,688.48,5,199.76
"7193",1672.11,5,,0,1290.48,4,372.62,2,211.53,1,1161.25,2,312.89
"7195",653.88,2,392.35,2,378.13,3,160.31,1,334.45,2,2108.29,2,121.99
"7202",611.35,1,,0,200.52,1,,0,,0,,0,
"7203",1425.55,2,118.97,1,466.07,2,755.96,3,,0,,0,
"7204",,0,125.62,1,1577.88,1,,0,135.63,1,,0,
"7213",165.62,1,4790.28,2,,0,,0,126.14,1,,0,2742.62
"7229",9694.93,43,1770.10,10,2669.17,16,2530.17,14,,0,1943.94,12,4186.70
"7250",298.03,1,,0,,0,197.37,2,,0,,0,
"7253",1619.41,8,137.14,1,1213.64,9,2435.92,10,525.91,4,834.36,3,270.91
"7262",39700.73,113,19384.50,77,20892.53,119,14215.83,90,16835.17,93,19799.17,107,16940.63
"7263",518.72,3,,0,301.83,1,113.62,1,173.24,1,109.23,1,408.65
"7264",2746.06,2,,0,,0,,0,,0,,0,
"7266",12073.07,55,3885.30,19,5926.07,22,14208.71,48,7165.41,23,16961.06,37,9765.99
"7277",204.77,1,297.14,2,,0,,0,,0,,0,768.26
"7280",,0,,0,4886.22,2,1079.81,2,,0,1273.70,6,176.09
"7281",,0,,0,72.18,1,116.35,1,121.73,1,358.93,2,
"7286",601.78,2,,0,,0,,0,,0,,0,
"7288",237.87,1,1737.21,2,940.21,4,1374.57,6,719.37,3,312.82,2,
"7290",9307.68,36,3649.19,14,8468.36,41,4612.95,30,4335.65,25,7160.78,35,4153.43
"7298",7869.51,28,2814.62,16,11234.17,26,6458.53,21,4565.42,22,4023.49,18,6412.58
"7301",467.56,1,394.11,1,,0,,0,,0,,0,
"7302",39955.19,135,28783.25,111,39530.06,178,43034.02,175,27309.03,136,54825.81,176,40618.85
"7306",10845.23,55,6779.45,35,7372.86,49,7103.87,44,7221.30,47,5088.67,36,5873.78
"7308",28664.21,95,10867.46,41,19704.13,80,24216.64,102,28039.23,114,22397.86,98,27434.63
"7309",4993.74,7,13124.64,7,9383.70,13,15520.26,17,5862.85,9,2548.86,10,6770.21
"7310",16844.28,36,12942.76,29,23210.52,40,15184.55,37,26485.36,31,16333.10,35,7404.15
"7311",6883.45,21,1605.87,5,3312.20,8,13534.16,13,2234.12,6,5158.43,12,3152.10
"7313",69619.93,153,20248.04,74,35452.17,134,35348.60,156,37696.79,134,32718.71,152,34056.31
"7317",914.03,6,2588.22,8,1453.22,9,1465.81,6,356.03,3,558.96,3,1539.37
"7319",2531.66,10,2756.88,8,6298.63,10,6840.89,13,4225.50,10,4064.55,12,3965.49
"7325",9882.17,9,16805.56,9,19448.31,19,9176.63,10,2369.79,4,4212.20,7,7582.60
"7326",7357.68,12,3896.34,5,1748.53,11,1156.39,4,627.83,4,2349.59,7,572.35
"7327",1963.89,5,263.88,2,2831.95,7,128.18,1,3714.26,5,1017.32,5,1434.19
"7329",1761.65,1,,0,,0,5991.79,2,6544.63,2,,0,8578.98
"7333",108226.67,717,107189.79,858,171438.63,1298,89647.93,787,110579.51,861,139122.53,1055,149168.86
"7335",20776.77,92,5165.54,30,12323.08,76,6807.96,53,5815.71,44,3291.75,27,2519.93
"7337",4377.63,17,1503.43,4,5125.83,18,9935.95,15,2411.23,7,9881.60,15,2894.05
"7344",278.47,1,,0,,0,,0,,0,,0,
"7347",,0,,0,5118.63,3,1428.72,4,,0,,0,847.80
"7348",1602.27,1,2781.11,1,674.44,1,,0,,0,215.25,1,
"7349",,0,,0,,0,195.80,2,300.32,3,242.47,2,308.39
"7357",31267.18,62,24766.52,38,27226.92,67,22768.98,78,10150.80,58,27612.80,82,12557.92
"7360",,0,158.86,1,332.23,3,91.55,1,102.69,1,55.70,1,
"7362",11842.48,24,2416.46,17,6490.48,21,1543.28,12,1390.71,10,2175.41,15,8166.39
"7364",24317.62,87,9265.03,31,18774.86,103,22112.65,112,18846.09,99,17057.13,84,12366.29
"7367",33767.09,136,16240.89,103,27925.35,184,6707.10,64,3117.70,25,2868.72,27,1665.40
"7373",7457.16,39,2277.35,15,4969.75,29,11482.69,67,6596.56,43,5867.45,28,5773.88
"7387",2783.16,7,147.70,1,1982.21,5,1639.85,5,,0,539.12,1,
"7389",4143.26,14,466.20,3,5537.18,13,2117.70,8,4098.72,17,2415.30,10,5422.21
"7394",593.67,2,2003.74,3,1266.76,1,7916.29,2,,0,,0,1085.17
"7398",3313.76,8,2406.39,6,2187.24,11,1660.41,10,958.86,6,1500.31,7,2916.38
"7400",1294.14,3,,0,,0,,0,,0,,0,820.04
"7405",8468.62,32,,0,,0,,0,335.53,1,1704.79,1,12605.10
"7410",,0,475.84,1,,0,,0,,0,,0,
"7413",5050.12,10,2718.70,7,2191.70,4,5133.27,8,381.53,2,673.63,3,2985.04
"7422",2536.97,7,804.82,1,4344.94,16,3559.87,16,1990.43,6,2202.65,8,626.24
"7424",1579.95,9,10197.98,51,12708.68,79,13557.87,83,1560.20,10,217.67,2,47.89
"7428",1206.99,9,,0,732.90,7,1617.81,3,13436.87,18,1854.09,9,553.39
"7433",321.30,1,,0,,0,,0,1405.68,2,,0,
"7436",,0,140.88,2,270.63,4,227.90,3,67.94,1,84.50,1,3293.54
"7439",64473.54,166,18160.21,75,45639.78,178,7546.07,47,20963.71,49,12542.40,33,4910.23
"7448",1553.69,1,742.31,3,,0,924.41,1,1433.93,1,,0,
"7449",3287.33,5,878.67,4,147.26,1,1685.22,5,102.25,1,2065.62,2,5506.88
"7452",5098.59,13,2749.36,16,3283.25,12,6315.64,10,2828.34,4,973.38,3,3524.48
"7453",4361.26,12,509.41,5,2308.17,12,1814.71,10,2078.47,5,886.60,1,1606.83
"7454",,0,2811.10,19,12419.59,63,9664.06,44,79.54,1,,0,
"7455",2511.31,9,5271.47,11,2896.21,10,1063.64,5,868.82,6,825.07,6,2485.62
"7458",,0,,0,4583.52,2,3340.73,8,1494.54,5,413.19,2,282.56
"7462",379.86,3,,0,,0,,0,96.93,1,,0,
"7481",96745.56,352,51097.46,198,95618.72,310,60751.88,342,106178.16,273,61708.58,286,49746.02
"7484",96663.42,454,51262.81,291,98586.70,558,113667.08,652,129596.57,626,123345.46,772,117634.71
"7485",6569.38,14,1930.07,8,9537.94,16,2622.45,12,1759.21,8,2504.75,9,157.87
"7490",45939.34,215,21612.60,111,36834.42,231,34276.80,193,34664.60,221,41992.44,224,37625.59
"7507",14576.11,84,10699.70,59,5726.84,42,2636.11,21,3535.36,27,4117.76,30,4270.35
"7508",,0,1514.62,2,3314.57,8,4068.39,21,4800.84,21,3626.54,15,5254.92
"7516",33885.50,149,23499.97,122,39951.63,193,25206.27,174,25442.98,155,35527.92,200,32315.59
"7517",2772.54,7,1005.80,2,331.16,3,238.80,2,759.58,3,2234.62,3,
"7520",170599.20,803,66070.00,408,112529.61,705,148860.88,748,109688.73,631,108852.74,564,90017.24
"7521",2325.37,5,305.70,1,1549.87,3,,0,865.76,3,860.37,7,329.74
"7525",1923.88,7,2166.11,4,2401.72,15,6388.70,43,2825.59,13,19740.84,26,1986.14
"7528",180.00,1,489.30,4,286.58,2,135.05,1,133.79,1,1726.31,3,132.00
"7529",13885.55,62,6261.15,43,15433.29,70,16572.33,81,12161.69,69,11004.75,63,10969.58
"7530",,0,4535.84,3,700.57,3,,0,,0,,0,
"7531",5264.49,8,2113.86,6,320.37,3,1778.04,7,949.08,5,462.09,3,1773.65
"7541",,0,,0,274.12,1,,0,,0,,0,
"7543",3295.70,23,758.17,6,1953.36,13,1641.34,12,987.75,8,727.96,7,561.32
"7544",6820.89,72,6834.31,78,9785.91,142,12422.25,181,10529.93,154,16090.63,218,10007.01
"7545",3177.19,7,1766.08,8,1560.02,8,1325.84,6,7482.55,11,2396.44,12,2051.00
"7547",,0,154.25,1,,0,,0,,0,,0,490.62
"7551",,0,161.18,1,,0,,0,,0,,0,
"7559",12603.45,46,3463.48,10,6919.18,32,3142.82,21,11181.73,41,7037.60,27,14887.34
"7560",1014742.66,4782,419630.50,2373,760340.45,4376,640394.00,3778,604165.03,3584,186120.51,1098,380615.74
"7560.01",1081632.77,4825,398127.47,2399,967718.22,5680,842280.82,5047,716843.73,4328,651280.04,4057,906472.79
"7568",491.43,1,,0,183.11,1,638.82,1,,0,137.14,1,745.94
"7569",492.47,2,271.20,1,471.98,1,2194.75,6,357.07,2,1514.81,1,2841.92
"7570",,0,223.08,1,246.01,1,99.72,1,169.25,1,,0,96.14
"7574",5879.76,18,2424.50,16,3378.58,21,8926.77,20,7770.62,22,2288.63,13,2439.39
"7575",525188.90,2185,219173.93,948,511285.02,2531,290793.46,1747,246151.49,1462,315465.70,1695,247200.42
"7579",97691.67,437,68197.20,280,31415.56,147,48989.83,223,5169.49,41,,0,
"7580",396.62,2,504.22,3,,0,,0,,0,,0,
"7588",55306.35,185,26866.90,101,68799.96,215,48009.40,228,48013.19,211,51748.58,174,61893.41
"7590",9982.72,51,6256.76,41,10849.52,67,7742.98,48,5595.41,33,4567.87,33,2682.44
"7594",,0,,0,,0,,0,563.75,1,,0,
"7596",741.26,3,1171.94,8,909.60,6,296.65,2,3958.05,4,197.81,1,1082.53
"7597",,0,,0,2733.01,7,3085.56,8,101232.71,375,51992.75,155,19400.60
"7599",4425.77,19,1560.71,8,6039.73,22,3197.65,21,3320.20,16,1495.00,12,693.20
"7603",5658.96,19,4478.34,29,2075.97,17,6381.66,44,7344.43,44,3398.67,29,5997.88
"7605",4257.20,21,4193.84,18,3147.52,24,6012.58,38,9310.18,40,7226.58,43,5064.15
"7607",8772.98,2,9407.01,4,,0,,0,,0,,0,
"7608",,0,993.53,1,3326.89,3,1051.88,1,,0,428.32,3,1788.17
"7613",91059.80,249,55179.95,128,69771.80,195,59551.92,191,54505.07,190,52249.65,233,52920.12
"7618",,0,,0,2720.83,12,8464.55,40,9448.85,47,1112.03,8,140.63
"7619",,0,,0,1524.24,1,,0,1257.42,4,118.91,1,134.29
"7621",4482.47,12,4600.90,7,4692.70,9,2723.07,10,1848.49,10,2066.70,9,4728.64
"7623",,0,,0,,0,550.81,1,,0,,0,
"7625",,0,2454.57,6,3040.87,4,781.26,4,7853.15,4,2270.29,8,1963.37
"7626",6274.26,8,976.99,7,539.81,3,643.31,5,479.91,3,781.87,4,2302.37
"7628",3243.45,9,86.84,1,963.67,4,90.50,1,1027.06,3,,0,286.36
"7629",1263.46,4,1055.91,3,,0,,0,,0,,0,
"7632",2936.77,17,4243.21,20,8033.54,42,8068.41,44,8891.36,48,13922.90,45,8427.08
"7636",3598.88,14,376.92,3,2695.38,11,3799.96,13,2731.10,13,3249.98,20,2263.22
"7637",,0,,0,1731.05,2,,0,,0,,0,383.92
"7641",5922.60,8,5036.42,5,529.34,2,918.08,2,967.14,1,3573.58,6,1133.85
"7656",3920.84,22,1762.62,11,1671.85,15,974.54,9,4296.60,18,1950.17,14,2384.01
"7659",,0,,0,314.02,1,,0,,0,,0,
"7663",36618.50,109,18264.02,75,20314.74,82,18590.24,63,68689.63,77,30769.21,68,18356.11
"7669",2565.81,12,2136.68,11,1975.52,10,2689.20,15,788.91,4,215.24,2,1819.62
"7672",1800.58,6,838.46,5,2348.32,10,869.11,5,6862.53,13,1079.88,7,896.80
"7674",2785.52,11,515.53,4,870.36,6,2937.01,7,,0,,0,
"7675",1516.71,2,,0,,0,,0,,0,,0,
"7678",1651.52,3,1357.06,10,1917.68,8,1342.50,9,771.14,4,871.78,3,
"7680",85.94,1,,0,891.66,1,959.92,1,496.79,2,611.09,1,
"7692",639.39,2,2520.58,6,257.09,1,1232.56,6,,0,,0,
"7695",20499.54,36,1974.44,15,7896.32,38,6864.47,26,9966.69,35,10894.55,30,10374.24
"7696",1547.29,4,5741.65,4,,0,342.42,1,,0,,0,
"7699",21508.48,5,5886.78,4,14592.39,12,3879.28,9,4200.45,8,10547.81,17,2893.39
"7702",195.44,1,120.30,1,,0,,0,229.03,1,,0,
"7704",15458.41,70,5427.13,22,23129.89,67,9885.06,53,7878.44,47,9909.71,46,6749.75
"7708",3721.35,16,1010.87,3,1732.92,5,866.00,4,1696.29,5,1532.48,6,1089.72
"7709",1927.24,10,2420.86,6,442.33,3,1416.55,3,522.87,3,425.25,2,511.18
"7711",,0,,0,243.79,1,893.73,2,,0,151.61,1,
"7716",827.38,2,109.42,1,855.95,4,136.91,1,955.30,8,6158.04,9,327.00
"7717",3398.78,12,1699.83,6,997.26,7,1984.20,11,1983.94,12,1905.56,10,1311.45
"7718",1383588.61,6245,1436761.80,8409,2482760.31,15492,2673092.18,16851,2652169.52,16516,1539723.71,9539,2792047.97
"7723",15717.76,38,2852.24,18,11554.91,49,9660.97,35,3331.21,17,1608.52,10,1041.71
"7724",3787.83,16,,0,,0,,0,,0,,0,
"7726",4532.66,13,979.90,6,3568.90,16,2793.94,16,6419.87,18,3504.87,15,2346.03
"7733",5022.38,11,6357.05,17,13012.05,28,3363.34,19,11626.66,17,3148.76,20,11584.27
"7737",403.89,2,,0,,0,,0,,0,,0,
"7738",4436.84,18,988.27,6,1649.00,11,,0,950.62,8,581.04,6,463.01
"7739",23109.60,72,25919.92,90,29146.19,105,21320.93,100,32989.91,100,16243.41,84,17980.39
"7742",1035.57,2,,0,159.50,1,665.47,1,,0,,0,
"7747",1115.48,4,618.23,3,971.96,4,,0,321.19,1,314.28,1,253.73
"7749",1838.07,8,614.06,5,2299.83,11,2095.82,13,840.98,6,1111.94,6,2189.08
"7750",5780.20,32,2879.46,17,5331.75,26,3923.50,30,6684.36,33,3723.51,27,3465.88
"7751",88111.74,327,33589.70,132,57507.67,368,40796.63,263,47984.12,259,42417.48,256,37562.06
"7752",14172.24,57,7238.46,43,16517.63,73,12562.88,66,12822.87,68,11489.62,61,13097.89
"7755",5260.14,14,3029.65,8,2385.67,12,3837.42,10,9173.73,16,2408.92,9,1704.07
"7760",336879.02,1352,176586.10,736,291473.13,1485,268190.44,1455,271440.16,1407,306783.09,1583,358403.68
"7760.02",707.14,2,,0,186.99,1,,0,,0,822.65,2,
"7761",923.02,4,1386.12,5,558.56,4,2883.96,5,1823.96,2,926.80,4,1469.01
"7762",1921.47,10,1322.67,9,4131.79,15,3555.89,13,1791.50,7,5537.38,13,13366.75
"7766",,0,638.77,9,565.14,7,1665.23,35,2714.08,34,114.21,2,
"7767",17295.63,67,4878.57,31,10299.17,51,14827.94,65,16176.78,49,7770.33,38,5161.27
"7778",2742.77,14,1328.44,6,7153.69,23,3744.94,18,1977.46,8,2052.26,12,1662.38
"7779",4470.22,13,1822.89,3,3472.29,7,1279.11,6,4213.74,7,1439.39,5,6842.37
"7788",8209.50,23,2508.01,12,6645.80,24,5583.17,21,1900.99,11,10974.79,20,4107.96
"7794",,0,,0,,0,,0,,0,,0,139.78
"7797",18008.73,49,13883.42,26,20298.60,63,12457.72,65,13791.94,64,15426.96,69,12656.80
"7802",5763.98,13,,0,,0,,0,,0,,0,
"7813",179.91,1,731.78,2,286.92,2,4401.08,6,365.70,3,493.79,4,1506.04
"7814",,0,,0,,0,118.02,1,,0,286.52,1,92.25
"7820",1732.20,5,649.68,4,1645.13,8,970.43,6,424.27,3,1638.40,6,6099.23
"7821",109.62,1,,0,144.81,2,,0,,0,383.43,1,
"7824",432.47,3,546.90,3,799.09,4,1742.15,8,952.10,4,442.54,2,
"7826",3779.14,3,1596.76,2,1454.26,3,2207.20,4,580.25,3,710.96,2,2005.90
"7827",31746.63,131,25511.63,145,24897.31,146,21122.69,129,23476.07,140,27100.97,148,27151.87
"7829",88.93,1,,0,,0,,0,227.95,2,1287.18,2,279.59
"7831",6716.76,26,1015.78,8,1339.34,11,1120.12,8,644.48,6,588.11,6,524.90
"7839",121840.08,467,86038.69,355,80847.28,460,84606.20,484,82892.20,455,90926.13,474,94105.68
"7842",4427.29,24,12045.65,22,1993.16,17,6552.36,24,1428.75,11,8364.13,15,1095.02
"7852",1562.12,10,501.92,4,1149.92,8,4358.20,16,1408.41,10,5646.34,18,5390.83
"7858",377.78,2,1310.25,2,463.52,4,585.79,5,1031.71,3,510.79,3,383.50
"7862",16547.52,54,19687.21,48,22962.79,50,15666.29,63,14839.24,47,14435.14,46,12956.41
"7864",497.52,3,894.49,3,16485.78,2,196.14,2,509.88,1,127.18,1,336.22
"7873",141413.64,668,54616.02,306,125729.97,733,96960.96,633,77844.23,526,79547.44,514,85120.02
"7876",2394.69,10,1543.89,5,982.78,11,795.82,7,411.15,4,1157.43,12,2073.35
"7878",64.33,1,,0,,0,,0,,0,,0,
"7883",4050.09,20,530.22,6,3477.22,8,3509.75,16,1090.02,9,217.54,4,764.78
"7885",462.21,5,124.62,1,,0,186.64,2,229.91,2,422.02,4,123.27
"7891",54.57,1,,0,1352.09,9,187.36,2,115.02,1,,0,
"7900",3590.28,5,325.73,1,641.52,2,421.36,2,,0,,0,
"7906",9935.71,39,5173.38,32,6951.47,33,3944.33,23,8108.84,24,3858.82,24,5813.09
"7914",4357.07,15,7127.31,9,2946.66,12,3510.95,11,3175.04,7,1778.48,7,1427.41
"7917",246.56,2,,0,,0,,0,,0,,0,
"7923",1966.15,2,202.96,1,7133.57,7,290.01,1,3781.90,2,,0,633.67
"7925",29771.99,94,12656.48,65,14598.94,80,12765.54,86,16508.10,93,11270.36,69,13866.78
"7929",29073.18,133,17931.67,110,35696.38,176,16152.07,106,11352.73,86,7690.95,50,5846.53
"7933",,0,,0,,0,,0,,0,,0,375.15
"7937",181605.69,452,106666.79,208,140343.89,483,136688.65,478,142597.32,433,117347.13,466,152306.30
"7954",22131.48,62,18897.45,39,8755.04,41,7733.67,51,6869.75,44,6249.90,39,9585.80
"7956",156787.33,418,95354.04,206,107082.52,363,82767.66,327,61460.99,195,51680.85,186,64019.04
"7963",1031.40,3,,0,310.34,3,200.40,2,368.98,3,585.49,4,405.56
"7967",18680.67,83,4496.71,23,8395.11,61,6221.25,42,7994.05,62,5904.25,46,5839.56
"7968",,0,,0,421.42,3,336.02,2,1351.38,5,2180.11,6,1617.29
"7975",762.98,6,799.46,5,1991.71,13,778.74,8,,0,154.92,1,127.18
"7995",11432.24,50,5530.08,34,7568.75,33,5309.77,27,6943.61,36,4863.12,31,8078.69
"7998",1020.95,6,166.30,1,,0,914.34,4,,0,,0,
"8000",,0,,0,,0,,0,,0,2140.48,4,1414.96
"8003",510.16,3,154.67,1,743.28,6,707.26,7,1386.80,8,4827.80,10,1136.20
"8012",1377.37,3,,0,315.74,1,,0,,0,,0,
"8014",1168.70,5,,0,945.40,4,478.43,2,,0,,0,
"8015",41421.65,116,11690.34,34,36505.43,97,27214.11,92,11918.92,50,27493.94,78,5046.61
"8016",70764.24,200,27750.20,80,90029.35,292,80451.32,280,60609.46,216,65549.19,261,71485.11
"8019",16931.07,56,10454.04,24,7137.05,21,12476.75,26,12343.36,31,5894.69,19,12205.91
"8023",418.91,6,,0,,0,83.87,1,343.15,4,497.73,5,105.62
"8024",23108.41,73,8119.24,38,17333.78,79,13952.63,75,6704.00,44,12448.80,72,20918.78
"8026",13439.51,82,3498.22,26,14005.26,96,15447.40,76,17776.42,96,13289.83,90,15196.74
"8027",4049.26,27,2734.73,16,6776.13,44,4776.94,33,5497.52,37,3351.84,24,1083.54
"8030",6397.57,14,1280.06,7,2585.34,11,2970.05,9,2573.71,10,1531.54,8,2021.58
"8033",9750.09,55,3940.09,23,9631.15,59,8078.98,47,2517.65,9,557.41,4,755.49
"8034",8614.60,26,5795.81,10,20397.91,20,5119.93,34,5503.03,23,5394.85,19,4070.53
"8039",,0,526.93,4,1813.46,6,310.82,3,151.45,1,570.14,2,422.37
"8040",207.72,2,2299.03,2,970.06,1,1570.00,1,683.73,1,1211.50,2,3305.61
"8045",346534.94,1579,130647.82,706,240236.94,1441,216627.96,1282,221982.64,1360,195900.31,1125,261100.65
"8052",4374.66,14,3014.66,11,9685.77,25,7881.49,24,8485.24,12,3639.59,12,6596.41
"8061",12237.52,52,31930.92,198,28954.80,233,52868.64,420,17677.36,139,25528.60,168,5842.17
"8070",58862.56,237,53467.85,158,72406.12,320,56945.24,272,39659.94,245,42561.57,235,44665.61
"8073",7636.46,38,5032.16,18,8834.49,43,4995.64,29,5395.96,23,10984.33,43,6694.96
"8076",84679.99,338,46054.92,202,107547.88,400,97211.34,413,56198.86,255,78335.00,362,88298.43
"8078",18302.25,44,2124.16,13,5579.76,28,4609.91,24,4067.53,24,8000.99,32,6915.93
"8079",,0,,0,,0,137.82,1,34.89,1,,0,
"8080",39957.19,150,14600.05,92,24912.70,142,29439.80,144,27070.01,131,31564.79,145,26571.37
"8091",932.21,3,,0,185.30,1,167.21,1,124.45,1,231.72,1,293.31
"8096",5354.29,3,102.42,1,,0,,0,1456.93,1,,0,
"8101",494986.79,2276,148248.89,809,264302.05,1574,310204.22,1839,261900.35,1607,326077.37,1904,391461.58
"8102",1213.40,6,165.26,1,3267.73,5,185.42,2,3278.37,4,951.20,4,
"8113",31198.51,165,15155.73,93,51385.13,305,41803.91,278,24518.06,143,16027.71,96,32379.26
"8114",4282.52,12,846.95,5,1364.18,10,2926.73,14,3016.65,16,6645.97,29,6345.85
"8117",13386.17,29,3662.35,12,2418.21,9,3902.65,19,1350.56,8,1023.87,4,2686.88
"8124",3641.02,12,3776.23,5,1141.65,8,4140.78,14,949.47,7,3521.08,16,1571.01
"8127",5336.28,28,2422.38,17,3798.24,19,2924.11,17,1900.86,14,2845.62,15,1807.38
"8130",8170.77,36,2571.88,11,4668.64,28,3884.13,19,4883.08,21,2980.65,19,4514.40
"8136",5440.80,28,6628.28,21,10492.87,34,9927.46,35,6359.49,26,6991.96,30,8802.70
"8150",646.34,4,317.22,3,486.45,4,253.39,2,259.51,2,467.75,3,505.33
"8171",7315.76,31,2805.25,16,5283.72,33,6401.77,36,3801.55,23,3860.99,22,11837.02
"8173",4131.13,19,5088.21,14,5085.09,18,14423.72,11,4884.49,24,9050.67,21,6799.07
"8177",1139.73,5,179.35,2,1372.25,5,430.12,4,,0,279.40,3,
"8183",19746.70,126,10893.45,73,12091.18,109,12364.50,93,8432.50,65,1199.21,6,260.78
"8184",3706.25,7,154.84,1,1848.69,12,1805.32,11,91.82,1,646.44,2,
"8191",48.65,1,392.98,2,,0,,0,285.12,1,,0,370.62
"8198",9948.35,42,11299.17,33,10503.04,40,10523.77,30,8101.89,21,4256.60,24,9324.50
"8202",13163.25,48,3314.17,22,6373.56,52,10201.52,59,10682.70,42,5514.01,31,11061.35
"8205",473.47,3,1163.99,9,911.15,7,632.89,5,528.88,5,186.18,1,787.32
"8210",2352.97,2,,0,,0,,0,,0,226.27,1,
"8211",,0,291.24,2,473.41,3,1667.76,10,3510.24,14,3777.41,16,768.93
"8214",,0,,0,538.85,2,587.08,1,,0,,0,
"8218",5912.63,8,173.54,1,1630.74,11,1223.03,4,3839.09,6,354.82,2,1739.87
"8219",3778.06,10,252.12,2,216.08,3,917.21,4,2128.19,8,1382.70,6,996.09
"8220",,0,,0,,0,,0,331.66,1,238.57,1,
"8226",579.56,2,107.21,1,678.58,5,477.71,4,,0,210.65,2,142.18
"8234",,0,,0,168.34,1,,0,,0,,0,
"8235",13555.22,15,947.27,5,2215.28,8,2410.90,10,3359.02,8,2626.22,5,4312.01
"8243",9801.39,13,422.55,3,1308.21,3,263.09,2,285.09,2,6132.46,5,9745.86
"8246",2200.28,3,,0,1129.28,5,714.32,5,1364.45,5,2052.88,9,590.67
"8247",118.16,1,,0,92.92,1,103.02,1,243.97,2,96.26,1,98.16
"8248",625.41,3,248.55,1,201.14,2,182.79,2,262.59,2,108.98,1,
"8250",534.78,3,1098.71,3,1150.39,7,16822.76,5,612.47,4,1453.59,7,1426.43
"8255",,0,1272.01,1,1990.87,2,1449.46,1,110.16,1,100.63,1,
"8262",,0,,0,109.34,1,,0,,0,,0,
"8263",32491.39,148,45971.65,201,44275.79,290,52638.70,286,57961.89,358,56286.95,363,54562.30
"8271",5511.93,19,1685.85,8,13049.01,31,4985.97,18,12068.54,33,9362.28,13,2833.65
"8273",,0,77.20,1,,0,,0,,0,,0,
"8279",153.23,1,101.43,1,,0,,0,,0,,0,
"8288",5464.13,22,5658.38,25,6742.88,19,14736.66,93,4876.33,34,10454.37,31,9089.94
"8293",54640.69,184,25634.21,102,42134.20,194,39033.32,189,30270.44,163,37528.78,178,50650.40
"8295",,0,,0,427.07,1,,0,,0,,0,1170.87
"8298",1943.83,14,1200.07,10,1731.12,12,1452.61,11,1827.51,12,2068.75,16,2185.61
"8301",2592.97,9,2403.23,13,6369.77,36,3227.52,19,2747.88,17,1560.39,10,3165.49
"8306",79325.55,354,24592.35,137,10883.04,61,,0,46535.70,282,54440.49,322,47715.18
"8311",5303.87,3,,0,,0,,0,6150.69,2,205.49,1,
"8312",20058.85,62,7573.89,32,14776.45,68,8758.07,52,6498.66,42,9843.70,59,10264.80
"8316",38643.92,117,20740.85,110,24070.11,155,33948.05,147,13870.76,91,18489.34,129,19140.20
"8341",278.45,3,285.15,1,814.62,3,422.68,3,1970.66,4,,0,497.35
"8343",,0,,0,,0,3741.19,3,,0,240.08,2,
"8344",16343.52,88,27356.94,74,25810.51,128,34602.72,196,17506.60,112,42406.60,212,24554.88
"8345",1260.39,4,2553.75,3,175.41,1,775.97,3,656.07,2,431.27,2,498.71
"8347",912.99,5,805.57,6,584.30,4,659.92,5,641.31,4,432.77,3,569.03
"8349 ",2203.69,9,405.15,4,732.23,6,620.02,5,1322.71,7,1242.37,7,902.88
"8365",929.48,2,226.29,1,1215.31,5,593.10,3,4167.41,2,202.74,1,742.08
"8366",8580.90,38,5162.41,35,12107.62,75,6897.76,50,7983.43,59,8610.16,63,8200.79
"8370",72233.07,186,43120.15,96,126375.85,211,55139.32,201,58893.28,171,64030.69,220,86661.78
"8371",3196.49,7,360.86,3,1393.33,8,3445.47,9,1249.89,7,668.43,3,1318.09
"8373",597.00,4,31.49,1,121.61,1,1423.94,3,1741.53,2,127.82,1,480.24
"8383",37943.47,76,8896.35,37,13309.05,58,13779.33,70,10451.66,38,14384.95,53,11153.20
"8394",,0,409.79,2,,0,201.13,1,111.11,1,265.12,1,
"8420",28942.15,149,16749.81,112,24038.85,181,24007.23,158,24469.09,167,26882.38,169,33606.05
"8422",8235.08,1,,0,,0,32208.63,3,635.84,1,1412.45,1,
"9001",824.39,7,2073.51,2,443.14,3,258.21,2,202.11,2,1742.13,9,121.05
D19887,39959.73,227,25942.34,185,52562.05,340,43480.19,336,,0,,0,
D28492,,0,,0,1007.68,1,,0,,0,,0,
